-0.145047, -0.137904, 0.691017, 0.054378, 0.921147, 0.0635707, 0.38012
-0.146919, -0.138335, 0.689859, 0.0484794, 0.921359, 0.0484657, 0.38262
-0.148785, -0.138626, 0.689333, 0.038238, 0.923716, 0.0357271, 0.379486
-0.149731, -0.138347, 0.684693, 0.0407568, 0.924183, 0.0203385, 0.379225
-0.152158, -0.13937, 0.687435, 0.0238863, 0.921065, 0.00598176, 0.38863
-0.153601, -0.13906, 0.683732, 0.0207614, 0.921809, -0.00798738, 0.387007
-0.15491, -0.138426, 0.679641, 0.0104238, 0.920428, -0.0260371, 0.389905
-0.156601, -0.138967, 0.679061, 0.00341362, 0.921817, -0.0370028, 0.38584
-0.157232, -0.139114, 0.676966, -0.0152726, 0.920658, -0.0495996, 0.386905
-0.157315, -0.13918, 0.67523, -0.0349591, 0.919802, -0.0552627, 0.386896
-0.156219, -0.13867, 0.670343, -0.0465996, 0.917643, -0.0569848, 0.390529
-0.155655, -0.138717, 0.668142, -0.0679701, 0.915858, -0.0588606, 0.391305
-0.154006, -0.138004, 0.662255, -0.09201, 0.911332, -0.0617469, 0.396478
-0.153062, -0.138274, 0.662557, -0.122866, 0.908975, -0.0573655, 0.394179
-0.150862, -0.137951, 0.660917, -0.145401, 0.905246, -0.0490156, 0.396215
-0.148187, -0.137485, 0.658493, -0.16899, 0.9038, -0.0392439, 0.391214
-0.14606, -0.136688, 0.655015, -0.182658, 0.898386, -0.0316239, 0.39817
-0.143088, -0.135817, 0.65103, -0.193848, 0.894773, -0.0209153, 0.401705
-0.141108, -0.135119, 0.649839, -0.213863, 0.892165, -0.0121916, 0.397688
-0.139137, -0.134608, 0.648643, -0.227911, 0.889159, -0.00533311, 0.396769
-0.137404, -0.134182, 0.648405, -0.239123, 0.886766, 0.00721098, 0.395493
-0.135932, -0.133904, 0.648196, -0.244856, 0.885771, 0.0149755, 0.393993
-0.134261, -0.133256, 0.646372, -0.250758, 0.884154, 0.0225222, 0.393555
-0.133174, -0.133, 0.646896, -0.260157, 0.882244, 0.0310983, 0.391147
-0.131993, -0.132697, 0.646894, -0.264471, 0.881799, 0.0372282, 0.388716
-0.130499, -0.131894, 0.644697, -0.268612, 0.879841, 0.0450654, 0.389482
-0.1295, -0.131778, 0.645831, -0.270651, 0.88031, 0.0526107, 0.38605
-0.12813, -0.131503, 0.645392, -0.275865, 0.87941, 0.0605888, 0.383231
-0.126611, -0.130911, 0.644661, -0.28235, 0.87777, 0.0701022, 0.380636
-0.125135, -0.130457, 0.644373, -0.290132, 0.876049, 0.0796499, 0.376852
-0.12394, -0.130268, 0.645264, -0.294398, 0.875931, 0.088945, 0.371705
-0.122828, -0.129739, 0.645934, -0.296185, 0.875109, 0.0987846, 0.36973
-0.121653, -0.129343, 0.646578, -0.296853, 0.875475, 0.109271, 0.365352
-0.120086, -0.128549, 0.645337, -0.305239, 0.872611, 0.117584, 0.362703
-0.11893, -0.127977, 0.645342, -0.314629, 0.870555, 0.124652, 0.357218
-0.117657, -0.126926, 0.64462, -0.319505, 0.868565, 0.133471, 0.354537
-0.116463, -0.12657, 0.64609, -0.323156, 0.868412, 0.143087, 0.347789
-0.114943, -0.125809, 0.646233, -0.326225, 0.867022, 0.155827, 0.342882
-0.113195, -0.12494, 0.646068, -0.328274, 0.866357, 0.169674, 0.335965
-0.111719, -0.124731, 0.647026, -0.327347, 0.866889, 0.182866, 0.328493
-0.11024, -0.123915, 0.645625, -0.327292, 0.866236, 0.193247, 0.3243
-0.109329, -0.123413, 0.644968, -0.326905, 0.866348, 0.200121, 0.320196
-0.108936, -0.123384, 0.645792, -0.323754, 0.866983, 0.206737, 0.317465
-0.108421, -0.123402, 0.647111, -0.320001, 0.868578, 0.213231, 0.312578
-0.108159, -0.1239, 0.650947, -0.311427, 0.872272, 0.219767, 0.306361
-0.107146, -0.123504, 0.649531, -0.307096, 0.872979, 0.227045, 0.303398
-0.106209, -0.123238, 0.648821, -0.301716, 0.872979, 0.234538, 0.303095
-0.105905, -0.123629, 0.650746, -0.291113, 0.87622, 0.241463, 0.298641
-0.105478, -0.123893, 0.652105, -0.282581, 0.878603, 0.247074, 0.295228
-0.105036, -0.124008, 0.652873, -0.276631, 0.880108, 0.252285, 0.291953
-0.105052, -0.124568, 0.655679, -0.266818, 0.882973, 0.256826, 0.288456
-0.104777, -0.124888, 0.656933, -0.254785, 0.885491, 0.261919, 0.287033
-0.104493, -0.125109, 0.658212, -0.247089, 0.887632, 0.265609, 0.283738
-0.104205, -0.125282, 0.659187, -0.236348, 0.889223, 0.270255, 0.283523
-0.104457, -0.125944, 0.66271, -0.217062, 0.893128, 0.274412, 0.282675
-0.104251, -0.126078, 0.662464, -0.206655, 0.893832, 0.276236, 0.286448
-0.104623, -0.126631, 0.665039, -0.192234, 0.896522, 0.278696, 0.285697
-0.10488, -0.12726, 0.667827, -0.17518, 0.899384, 0.28065, 0.285754
-0.104929, -0.127474, 0.668349, -0.165825, 0.899947, 0.282205, 0.288023
-0.105239, -0.127656, 0.669469, -0.151693, 0.900799, 0.282609, 0.292717
-0.105742, -0.128044, 0.670606, -0.142837, 0.901812, 0.281898, 0.294729
-0.106301, -0.128409, 0.671673, -0.128221, 0.903564, 0.278553, 0.299233
-0.107162, -0.129001, 0.673969, -0.120666, 0.904888, 0.27651, 0.300265
-0.107895, -0.129368, 0.675176, -0.111457, 0.905808, 0.275431, 0.302038
-0.108986, -0.129986, 0.6771, -0.0977746, 0.907213, 0.269479, 0.307872
-0.110378, -0.130747, 0.680026, -0.0856118, 0.90981, 0.264934, 0.307777
-0.111307, -0.130977, 0.680337, -0.0759178, 0.909719, 0.26105, 0.313847
-0.112488, -0.131399, 0.682187, -0.0632186, 0.91116, 0.255052, 0.317395
-0.113515, -0.131713, 0.683032, -0.0496559, 0.911404, 0.250679, 0.322547
-0.114705, -0.131957, 0.684399, -0.0394412, 0.911384, 0.24579, 0.327737
-0.116804, -0.133068, 0.690125, -0.0314916, 0.91463, 0.241383, 0.322792
-0.117681, -0.132739, 0.688404, -0.0154608, 0.912337, 0.235897, 0.334298
-0.119571, -0.133411, 0.691106, -0.00416479, 0.914335, 0.22763, 0.334901
-0.121084, -0.133593, 0.69125, 0.00650108, 0.914418, 0.218302, 0.340794
-0.122875, -0.133987, 0.692744, 0.0118141, 0.915062, 0.210281, 0.343954
-0.124302, -0.134171, 0.692368, 0.020822, 0.914974, 0.200624, 0.349483
-0.125633, -0.13402, 0.69136, 0.0345945, 0.91391, 0.192045, 0.355937
-0.127432, -0.1342, 0.692604, 0.0435428, 0.913653, 0.183857, 0.359915
-0.129603, -0.134732, 0.695675, 0.0538067, 0.914079, 0.174996, 0.361858
-0.13162, -0.134872, 0.697865, 0.0622018, 0.915072, 0.166108, 0.362191
-0.133388, -0.134754, 0.698269, 0.0747545, 0.914237, 0.157265, 0.365856
-0.135918, -0.135249, 0.701542, 0.0812874, 0.914818, 0.147758, 0.366971
-0.138226, -0.135101, 0.702201, 0.0929309, 0.914551, 0.13496, 0.369793
-0.140714, -0.135095, 0.703239, 0.104485, 0.913618, 0.121923, 0.373524
-0.143329, -0.134915, 0.704217, 0.119735, 0.9125, 0.107972, 0.375964
-0.1456, -0.134289, 0.703621, 0.129799, 0.911337, 0.0925855, 0.379532
-0.148041, -0.134521, 0.705833, 0.135348, 0.912098, 0.0815076, 0.378304
-0.149872, -0.134394, 0.70551, 0.139897, 0.910445, 0.0689986, 0.38309
-0.152111, -0.134783, 0.708037, 0.142579, 0.912663, 0.0589281, 0.378477
-0.153412, -0.134203, 0.706367, 0.14819, 0.911801, 0.0463695, 0.380142
-0.15551, -0.134395, 0.707198, 0.151232, 0.911627, 0.0354446, 0.380538
-0.157656, -0.134969, 0.710018, 0.150855, 0.913225, 0.0232059, 0.37779
-0.158128, -0.133989, 0.703326, 0.152517, 0.912506, 0.0105229, 0.379423
-0.159938, -0.134605, 0.703637, 0.144211, 0.913163, -0.00324412, 0.381218
-0.161039, -0.134736, 0.70158, 0.138921, 0.913542, -0.0151369, 0.381984
-0.163185, -0.135783, 0.704181, 0.128337, 0.916438, -0.0244333, 0.378252
-0.163761, -0.13556, 0.701093, 0.124021, 0.916576, -0.0349928, 0.378528
-0.164245, -0.135297, 0.697938, 0.119076, 0.916034, -0.0466657, 0.380164
-0.164872, -0.13516, 0.695801, 0.113531, 0.916128, -0.0542525, 0.380628
-0.165792, -0.135385, 0.694257, 0.108703, 0.916321, -0.0642991, 0.380006
-0.166496, -0.135132, 0.691046, 0.10004, 0.916312, -0.0755726, 0.380333
-0.16786, -0.135269, 0.69004, 0.0933917, 0.915981, -0.0879355, 0.380163
-0.16937, -0.135471, 0.689184, 0.0836142, 0.916323, -0.100513, 0.378494
-0.17054, -0.135321, 0.687919, 0.0739517, 0.916073, -0.111923, 0.377909
-0.169981, -0.134335, 0.681303, 0.064293, 0.913972, -0.119717, 0.382347
-0.170932, -0.134832, 0.681513, 0.0508214, 0.914027, -0.127775, 0.381636
-0.170759, -0.134613, 0.678387, 0.0451764, 0.913636, -0.132509, 0.381667
-0.170859, -0.134283, 0.676273, 0.0391876, 0.912549, -0.137688, 0.383092
-0.171227, -0.13439, 0.67498, 0.0239249, 0.911922, -0.143981, 0.38353
-0.171248, -0.134321, 0.673348, 0.0135152, 0.910984, -0.148273, 0.384631
-0.171315, -0.134591, 0.672622, -0.000265713, 0.910799, -0.151401, 0.384086
-0.171265, -0.134901, 0.672373, -0.0087138, 0.910854, -0.152579, 0.38339
-0.170593, -0.134842, 0.670444, -0.0177329, 0.909582, -0.152707, 0.38604
-0.170107, -0.134818, 0.668838, -0.0263579, 0.909173, -0.151945, 0.386812
-0.169972, -0.134974, 0.668748, -0.0377313, 0.908661, -0.151819, 0.387122
-0.169365, -0.134544, 0.665665, -0.0456349, 0.906777, -0.155202, 0.389339
-0.169316, -0.134361, 0.664307, -0.0513693, 0.905599, -0.158689, 0.389961
-0.169587, -0.134211, 0.663609, -0.0642183, 0.90361, -0.16281, 0.39097
-0.169203, -0.13362, 0.660491, -0.0725283, 0.901004, -0.166353, 0.394029
-0.169317, -0.133334, 0.659127, -0.0800095, 0.898964, -0.170595, 0.395424
-0.16917, -0.132769, 0.656821, -0.0920129, 0.895894, -0.176892, 0.39701
-0.168936, -0.132359, 0.654932, -0.103598, 0.893503, -0.179239, 0.398489
-0.168756, -0.132201, 0.65446, -0.11347, 0.891602, -0.180687, 0.399403
-0.167927, -0.131928, 0.652359, -0.1212, 0.889791, -0.17995, 0.401499
-0.16709, -0.131679, 0.651134, -0.130573, 0.888057, -0.177985, 0.403269
-0.166086, -0.131792, 0.650576, -0.139084, 0.886632, -0.174096, 0.405253
-0.164995, -0.131746, 0.649445, -0.145535, 0.886027, -0.16991, 0.406086
-0.164161, -0.131814, 0.649233, -0.150799, 0.885387, -0.165483, 0.407387
-0.163351, -0.131731, 0.648088, -0.159285, 0.883639, -0.162632, 0.409099
-0.162691, -0.131603, 0.647363, -0.166261, 0.882651, -0.161507, 0.408901
-0.161865, -0.131544, 0.646498, -0.171232, 0.882091, -0.157269, 0.40971
-0.161112, -0.131472, 0.645978, -0.177261, 0.880798, -0.154315, 0.411047
-0.160374, -0.13136, 0.645421, -0.186069, 0.878906, -0.15158, 0.412221
-0.159645, -0.131283, 0.644574, -0.191435, 0.87775, -0.148842, 0.413224
-0.158831, -0.131209, 0.644348, -0.196445, 0.876752, -0.145154, 0.414302
-0.157895, -0.131044, 0.643608, -0.202095, 0.875693, -0.140991, 0.41526
-0.156809, -0.130836, 0.642534, -0.205351, 0.875052, -0.135687, 0.416777
-0.156061, -0.130821, 0.642702, -0.215261, 0.873347, -0.13254, 0.416366
-0.155268, -0.130902, 0.643148, -0.217142, 0.873444, -0.127471, 0.41677
-0.154132, -0.130944, 0.64302, -0.22323, 0.872802, -0.120489, 0.416975
-0.152845, -0.131299, 0.643379, -0.226683, 0.873523, -0.111113, 0.416205
-0.151313, -0.131625, 0.64379, -0.23024, 0.874339, -0.100953, 0.415125
-0.149202, -0.13133, 0.641462, -0.237843, 0.872449, -0.0887666, 0.417592
-0.148535, -0.132152, 0.645406, -0.24, 0.875562, -0.0833251, 0.410911
-0.14651, -0.131403, 0.642532, -0.25076, 0.871445, -0.0722821, 0.415305
-0.145028, -0.131328, 0.642614, -0.256247, 0.870608, -0.064968, 0.41492
-0.14284, -0.130594, 0.639308, -0.26705, 0.86947, -0.0530084, 0.412185
-0.142484, -0.131379, 0.643436, -0.267222, 0.870583, -0.0471293, 0.410434
-0.141227, -0.130778, 0.641368, -0.275204, 0.868837, -0.0419692, 0.409419
-0.140979, -0.131062, 0.643878, -0.276301, 0.869395, -0.0367663, 0.407992
-0.139128, -0.130186, 0.639888, -0.285027, 0.864674, -0.0294138, 0.412592
-0.137994, -0.129716, 0.63937, -0.290248, 0.863401, -0.0263565, 0.411825
-0.137491, -0.129741, 0.641019, -0.294587, 0.86398, -0.02036, 0.407852
-0.136144, -0.129248, 0.639748, -0.300057, 0.861729, -0.0140633, 0.408891
-0.135314, -0.129232, 0.641115, -0.305015, 0.861425, -0.00700669, 0.406033
-0.133508, -0.128433, 0.638955, -0.315633, 0.857812, 0.000154633, 0.405629
-0.132681, -0.12854, 0.641043, -0.317911, 0.858626, 0.0101506, 0.401984
-0.131074, -0.128011, 0.639382, -0.32255, 0.857289, 0.0173187, 0.400895
-0.130078, -0.127625, 0.638971, -0.325979, 0.856049, 0.0249977, 0.400366
-0.129407, -0.127356, 0.640271, -0.334522, 0.854574, 0.0293708, 0.396152
-0.128315, -0.127102, 0.64044, -0.335347, 0.854206, 0.0376318, 0.395547
-0.126893, -0.126295, 0.639375, -0.344237, 0.851555, 0.0444599, 0.392909
-0.125097, -0.125233, 0.637356, -0.355115, 0.847474, 0.0534836, 0.390924
-0.123503, -0.124769, 0.637222, -0.356727, 0.847912, 0.0639048, 0.386921
-0.12286, -0.125138, 0.641771, -0.357173, 0.849757, 0.0772612, 0.379962
-0.12133, -0.124431, 0.640821, -0.359557, 0.849285, 0.0872539, 0.376591
-0.120006, -0.123826, 0.639665, -0.362995, 0.848477, 0.0960498, 0.372956
-0.118667, -0.123382, 0.638101, -0.364242, 0.848262, 0.103398, 0.370255
-0.118394, -0.123932, 0.640601, -0.359639, 0.851107, 0.111656, 0.365799
-0.117522, -0.123518, 0.640297, -0.364554, 0.849695, 0.116944, 0.362551
-0.116878, -0.123487, 0.642213, -0.36643, 0.8507, 0.123673, 0.356012
-0.115961, -0.123252, 0.642563, -0.364104, 0.851133, 0.133912, 0.35365
-0.11479, -0.122814, 0.641943, -0.361957, 0.851806, 0.143289, 0.350544
-0.113589, -0.122401, 0.642111, -0.362781, 0.852237, 0.15317, 0.344414
-0.112689, -0.122196, 0.642768, -0.362811, 0.852547, 0.163079, 0.339022
-0.111739, -0.121673, 0.642677, -0.363372, 0.852029, 0.168975, 0.336832
-0.110868, -0.120982, 0.642239, -0.368247, 0.850606, 0.175022, 0.33201
-0.109724, -0.119967, 0.640406, -0.373141, 0.848464, 0.18225, 0.328114
-0.108869, -0.119564, 0.641146, -0.373353, 0.84858, 0.190652, 0.322757
-0.108086, -0.119278, 0.642312, -0.372086, 0.848936, 0.200395, 0.317334
-0.107367, -0.11928, 0.642996, -0.369913, 0.849804, 0.209426, 0.311671
-0.106731, -0.119424, 0.644519, -0.363316, 0.852913, 0.216609, 0.305975
-0.105736, -0.119343, 0.644539, -0.356589, 0.85517, 0.22704, 0.299968
-0.104791, -0.119323, 0.645303, -0.34959, 0.856967, 0.237066, 0.295286
-0.104173, -0.119471, 0.64637, -0.341124, 0.859647, 0.246004, 0.290039
-0.103644, -0.120015, 0.648121, -0.330914, 0.863128, 0.253236, 0.285268
-0.103225, -0.120518, 0.649772, -0.317491, 0.86728, 0.259196, 0.282564
-0.102913, -0.120906, 0.651119, -0.308905, 0.869687, 0.265755, 0.278563
-0.102405, -0.121211, 0.652349, -0.298757, 0.872016, 0.272395, 0.275924
-0.101958, -0.121702, 0.6542, -0.285599, 0.875562, 0.278472, 0.272539
-0.101382, -0.121801, 0.654777, -0.276527, 0.876845, 0.285262, 0.270741
-0.100897, -0.121869, 0.656173, -0.269578, 0.878673, 0.29047, 0.266248
-0.100458, -0.121782, 0.657896, -0.260619, 0.880072, 0.298212, 0.261955
-0.0999045, -0.121774, 0.658777, -0.253227, 0.881157, 0.304034, 0.258846
-0.0995266, -0.121984, 0.660789, -0.239868, 0.883261, 0.311321, 0.255718
-0.0990434, -0.121965, 0.661462, -0.23342, 0.884076, 0.315604, 0.253611
-0.0987264, -0.12218, 0.662324, -0.224662, 0.884974, 0.320164, 0.252672
-0.0988536, -0.122652, 0.664797, -0.210327, 0.887264, 0.323262, 0.253036
-0.0990844, -0.123248, 0.667165, -0.193345, 0.889985, 0.325391, 0.254294
-0.0996114, -0.124046, 0.669757, -0.174067, 0.89277, 0.325307, 0.258531
-0.0998754, -0.124312, 0.670312, -0.159325, 0.894118, 0.324569, 0.264243
-0.100208, -0.124681, 0.6711, -0.149149, 0.894749, 0.323381, 0.269451
-0.100756, -0.125222, 0.673107, -0.135506, 0.896587, 0.322665, 0.271401
-0.101009, -0.125309, 0.672794, -0.129764, 0.896827, 0.31993, 0.2766
-0.101792, -0.125966, 0.674356, -0.119646, 0.898207, 0.316603, 0.280483
-0.102788, -0.126704, 0.677088, -0.10868, 0.900324, 0.313067, 0.282124
-0.10338, -0.126905, 0.67682, -0.0967947, 0.900201, 0.309826, 0.290305
-0.104614, -0.127662, 0.679466, -0.0863445, 0.902492, 0.305753, 0.290805
-0.105874, -0.128318, 0.681532, -0.0791413, 0.904187, 0.300173, 0.29339
-0.10719, -0.128924, 0.683622, -0.0691677, 0.905004, 0.29597, 0.297634
-0.108349, -0.129261, 0.68438, -0.0529928, 0.905237, 0.289248, 0.306713
-0.109722, -0.129724, 0.686813, -0.0382814, 0.906318, 0.285169, 0.309516
-0.111007, -0.130049, 0.688938, -0.0282629, 0.907334, 0.280561, 0.311821
-0.112601, -0.130457, 0.691495, -0.0132905, 0.908036, 0.275361, 0.31539
-0.113939, -0.130674, 0.693249, -0.00123029, 0.907765, 0.270255, 0.320817
-0.114723, -0.130494, 0.692264, 0.0135148, 0.907217, 0.264951, 0.32646
-0.115993, -0.13089, 0.693985, 0.0203767, 0.908264, 0.258809, 0.328114
-0.117525, -0.1313, 0.695132, 0.0278596, 0.907862, 0.251914, 0.333991
-0.119334, -0.131715, 0.695634, 0.0373732, 0.908173, 0.241689, 0.339723
-0.120739, -0.131637, 0.693751, 0.0479892, 0.908244, 0.230636, 0.345827
-0.122556, -0.13226, 0.6948, 0.0565598, 0.909142, 0.219663, 0.349298
-0.124472, -0.1324, 0.695036, 0.0633385, 0.90945, 0.208369, 0.354219
-0.126773, -0.132687, 0.695049, 0.0742127, 0.909113, 0.195822, 0.360084
-0.129738, -0.133539, 0.6978, 0.0804, 0.910378, 0.181313, 0.363143
-0.132192, -0.13394, 0.698084, 0.0853649, 0.912224, 0.166208, 0.364604
-0.134477, -0.134478, 0.697702, 0.0901489, 0.912501, 0.150054, 0.369728
-0.137273, -0.135274, 0.698618, 0.0901015, 0.914255, 0.133814, 0.371635
-0.140015, -0.135877, 0.698057, 0.0893849, 0.915492, 0.113754, 0.375426
-0.142877, -0.136245, 0.696206, 0.0879452, 0.917039, 0.0915205, 0.378061
-0.146483, -0.137063, 0.696713, 0.0846536, 0.919953, 0.0703117, 0.376266
-0.150067, -0.138032, 0.697597, 0.0740549, 0.921719, 0.0468257, 0.377833
-0.152184, -0.138234, 0.693211, 0.0662462, 0.923475, 0.0234536, 0.377168
-0.154354, -0.138317, 0.689679, 0.0578914, 0.92325, 0.00279884, 0.379803
-0.156469, -0.138657, 0.688376, 0.0401239, 0.922237, -0.0170095, 0.384161
-0.157649, -0.138531, 0.684373, 0.0285311, 0.922807, -0.0310042, 0.382952
-0.1583, -0.13836, 0.681425, 0.00888567, 0.921999, -0.044789, 0.384491
-0.15825, -0.138493, 0.677817, -0.0119687, 0.920723, -0.0542259, 0.386244
-0.158372, -0.138933, 0.675979, -0.0264299, 0.920587, -0.0596252, 0.385052
-0.157386, -0.138366, 0.671462, -0.0489202, 0.918025, -0.0630455, 0.38841
-0.156956, -0.139112, 0.670692, -0.0702855, 0.916894, -0.0625002, 0.387891
-0.154715, -0.138717, 0.665207, -0.0903777, 0.913635, -0.0602086, 0.391762
-0.152953, -0.13896, 0.662599, -0.10053, 0.912345, -0.0503503, 0.393682
-0.150153, -0.1382, 0.660955, -0.115498, 0.910305, -0.0431794, 0.395145
-0.147877, -0.137939, 0.659775, -0.132665, 0.909114, -0.0334454, 0.393437
-0.145374, -0.137355, 0.657312, -0.162041, 0.906053, -0.021228, 0.390333
-0.143421, -0.137099, 0.6565, -0.174394, 0.901662, -0.0153829, 0.395418
-0.141697, -0.136975, 0.657118, -0.189283, 0.900363, -0.00582128, 0.391772
-0.138488, -0.13589, 0.653581, -0.208405, 0.895966, 0.00794828, 0.392108
-0.13568, -0.135212, 0.652793, -0.219137, 0.894916, 0.0252681, 0.387898
-0.133418, -0.134877, 0.65319, -0.228694, 0.893884, 0.0399737, 0.383499
-0.131528, -0.134918, 0.654429, -0.238199, 0.893292, 0.0539428, 0.377334
-0.129257, -0.134118, 0.654149, -0.245713, 0.892104, 0.068852, 0.372873
-0.126924, -0.133394, 0.653954, -0.253147, 0.890147, 0.0837541, 0.369515
-0.124975, -0.132802, 0.653366, -0.256309, 0.889276, 0.0967338, 0.366246
-0.122522, -0.131994, 0.652244, -0.260065, 0.888911, 0.112775, 0.359842
-0.120215, -0.131552, 0.653356, -0.259763, 0.888952, 0.131969, 0.353371
-0.118388, -0.131342, 0.654584, -0.251919, 0.891757, 0.148842, 0.345184
-0.117302, -0.131414, 0.656562, -0.246081, 0.893789, 0.161264, 0.338496
-0.116121, -0.131294, 0.657939, -0.237071, 0.89577, 0.172509, 0.334116
-0.114884, -0.130636, 0.657665, -0.234434, 0.895903, 0.182231, 0.330441
-0.114311, -0.13083, 0.659532, -0.229581, 0.897377, 0.1896, 0.325668
-0.114185, -0.131203, 0.661542, -0.21675, 0.899925, 0.194581, 0.324488
-0.114498, -0.131667, 0.662827, -0.209641, 0.90142, 0.196032, 0.324135
-0.114868, -0.132182, 0.663216, -0.186991, 0.904671, 0.195765, 0.329062
-0.115481, -0.132604, 0.664556, -0.172639, 0.907038, 0.194739, 0.330989
-0.116655, -0.133378, 0.666542, -0.156358, 0.909296, 0.191667, 0.334658
-0.118103, -0.134183, 0.668684, -0.134429, 0.912883, 0.184987, 0.338161
-0.119901, -0.134965, 0.671202, -0.115501, 0.915411, 0.178709, 0.341681
-0.121926, -0.135715, 0.673611, -0.0983855, 0.917346, 0.170983, 0.345777
-0.123554, -0.136265, 0.675127, -0.0792999, 0.918779, 0.163575, 0.350429
-0.125478, -0.13692, 0.679316, -0.0686714, 0.921378, 0.159522, 0.347706
-0.126607, -0.136905, 0.678575, -0.0576635, 0.921064, 0.152039, 0.353836
-0.128467, -0.137288, 0.681768, -0.0450648, 0.922327, 0.146087, 0.354881
-0.130459, -0.137767, 0.683994, -0.0287276, 0.922758, 0.137909, 0.35871
-0.13219, -0.137545, 0.683778, -0.0103973, 0.922217, 0.128043, 0.36471
-0.134901, -0.13815, 0.686256, -0.00145419, 0.922789, 0.115534, 0.367572
-0.137236, -0.138283, 0.685745, 0.00506309, 0.923349, 0.100157, 0.370634
-0.139335, -0.138409, 0.684991, 0.00999612, 0.922651, 0.0857386, 0.375852
-0.14152, -0.138615, 0.684387, 0.0129415, 0.922778, 0.0710072, 0.378513
-0.144029, -0.138666, 0.684159, 0.0174486, 0.922497, 0.0536199, 0.381862
-0.147083, -0.138947, 0.685557, 0.0223404, 0.923431, 0.0374695, 0.381276
-0.149114, -0.138174, 0.682114, 0.0332294, 0.924897, 0.0180772, 0.378331
-0.152339, -0.138533, 0.684446, 0.0312923, 0.921653, 0.0018958, 0.386745
-0.154374, -0.13795, 0.682411, 0.0364754, 0.922111, -0.0163614, 0.384855
-0.157714, -0.138465, 0.685236, 0.0321008, 0.922657, -0.0296571, 0.383137
-0.159493, -0.137979, 0.682693, 0.027519, 0.920631, -0.0484839, 0.386433
-0.16058, -0.136952, 0.677256, 0.0165087, 0.918109, -0.0646615, 0.390669
-0.162622, -0.137144, 0.676409, 0.00310586, 0.917308, -0.0825318, 0.389519
-0.164957, -0.137272, 0.676946, -0.00513005, 0.916728, -0.098727, 0.387087
-0.16641, -0.136259, 0.672397, -0.00691393, 0.914236, -0.116811, 0.387917
-0.168825, -0.135815, 0.671097, -0.0287123, 0.910976, -0.137001, 0.387982
-0.170145, -0.134655, 0.66708, -0.0390788, 0.907067, -0.155416, 0.389293
-0.171283, -0.133713, 0.663996, -0.0596185, 0.903251, -0.171756, 0.388693
-0.171698, -0.133027, 0.661305, -0.0764247, 0.898898, -0.18175, 0.391292
-0.170653, -0.132234, 0.656344, -0.0918941, 0.894551, -0.186129, 0.39584
-0.170093, -0.132192, 0.655557, -0.110667, 0.892152, -0.18582, 0.396595
-0.168401, -0.131287, 0.650896, -0.129854, 0.887347, -0.18502, 0.401896
-0.167699, -0.131072, 0.649579, -0.143277, 0.884427, -0.184714, 0.403908
-0.16598, -0.130348, 0.645588, -0.158344, 0.879493, -0.18223, 0.410135
-0.164992, -0.130488, 0.645698, -0.17559, 0.876696, -0.179607, 0.41026
-0.163099, -0.12999, 0.643163, -0.189385, 0.873294, -0.17464, 0.413511
-0.16118, -0.129307, 0.640275, -0.20472, 0.86902, -0.169096, 0.417493
-0.159832, -0.128937, 0.639156, -0.219805, 0.864851, -0.165169, 0.420045
-0.158576, -0.12878, 0.638948, -0.232788, 0.861716, -0.159486, 0.421687
-0.156656, -0.127995, 0.636555, -0.248642, 0.856985, -0.153864, 0.424357
-0.155104, -0.127569, 0.636472, -0.262666, 0.852991, -0.147162, 0.426329
-0.15317, -0.127023, 0.635275, -0.277115, 0.848732, -0.140001, 0.42809
-0.151559, -0.126598, 0.634393, -0.291137, 0.844506, -0.132674, 0.429473
-0.149209, -0.125483, 0.631988, -0.30791, 0.837818, -0.125112, 0.433127
-0.147405, -0.124795, 0.631451, -0.321819, 0.83252, -0.117502, 0.435357
-0.145261, -0.123871, 0.629927, -0.338023, 0.827104, -0.109049, 0.435599
-0.14212, -0.12238, 0.625864, -0.353003, 0.821577, -0.0975877, 0.436894
-0.141451, -0.123189, 0.631924, -0.359844, 0.821508, -0.0877321, 0.43352
-0.139226, -0.122315, 0.629344, -0.370136, 0.818457, -0.0748142, 0.433049
-0.137371, -0.122527, 0.631667, -0.37614, 0.817495, -0.061142, 0.431836
-0.135114, -0.122493, 0.633693, -0.383038, 0.817693, -0.042111, 0.427652
-0.131727, -0.122001, 0.632769, -0.388453, 0.819023, -0.0183763, 0.421863
-0.129377, -0.122643, 0.635303, -0.387601, 0.824142, 0.00586134, 0.412943
-0.1267, -0.122935, 0.635966, -0.386809, 0.8287, 0.0288187, 0.403491
-0.124697, -0.123332, 0.638333, -0.384422, 0.833505, 0.0500659, 0.393678
-0.122974, -0.123878, 0.641196, -0.377282, 0.839837, 0.0710353, 0.383778
-0.120321, -0.122829, 0.637109, -0.378562, 0.840454, 0.0848733, 0.378319
-0.119103, -0.123305, 0.63954, -0.371253, 0.844962, 0.101708, 0.371303
-0.118161, -0.123446, 0.640989, -0.368725, 0.847723, 0.11234, 0.364399
-0.117097, -0.123744, 0.642401, -0.367421, 0.849764, 0.123722, 0.357207
-0.115794, -0.123551, 0.642513, -0.360639, 0.852922, 0.135332, 0.352348
-0.113855, -0.123116, 0.641211, -0.354054, 0.855227, 0.150859, 0.347094
-0.112947, -0.123757, 0.645369, -0.342991, 0.860649, 0.166935, 0.337304
-0.111995, -0.124468, 0.647687, -0.330086, 0.865922, 0.18052, 0.329597
-0.111017, -0.124799, 0.64904, -0.319103, 0.87028, 0.192663, 0.321975
-0.110163, -0.125538, 0.6516, -0.304815, 0.874803, 0.205074, 0.315838
-0.108952, -0.125556, 0.65281, -0.293291, 0.87814, 0.216531, 0.309782
-0.107614, -0.125401, 0.654044, -0.28086, 0.880678, 0.231021, 0.303567
-0.10634, -0.125361, 0.656854, -0.270215, 0.882896, 0.246455, 0.294515
-0.104455, -0.124904, 0.658502, -0.258373, 0.884985, 0.264884, 0.282633
-0.102736, -0.124484, 0.660068, -0.23993, 0.887066, 0.282038, 0.275683
-0.101704, -0.124398, 0.662756, -0.222765, 0.889725, 0.294704, 0.268171
-0.101466, -0.124715, 0.666682, -0.20607, 0.892674, 0.303208, 0.262171
-0.101235, -0.124867, 0.668498, -0.187754, 0.894506, 0.309647, 0.262158
-0.10123, -0.125237, 0.670771, -0.162892, 0.896919, 0.313219, 0.266265
-0.101219, -0.125351, 0.671705, -0.138374, 0.898048, 0.315917, 0.273056
-0.101854, -0.12582, 0.675355, -0.116622, 0.900202, 0.315901, 0.276121
-0.102292, -0.125545, 0.675543, -0.098034, 0.89987, 0.315137, 0.285154
-0.103746, -0.126494, 0.679178, -0.0762137, 0.902183, 0.309862, 0.290247
-0.105554, -0.127296, 0.681694, -0.0600559, 0.904014, 0.303382, 0.295148
-0.107626, -0.128065, 0.684719, -0.0412936, 0.904999, 0.295735, 0.303006
-0.10929, -0.128689, 0.684738, -0.0215471, 0.904265, 0.287494, 0.314942
-0.111622, -0.129661, 0.689522, -0.00469681, 0.905861, 0.282685, 0.31541
-0.113779, -0.13036, 0.690997, 0.0114619, 0.906638, 0.274094, 0.320544
-0.115135, -0.129866, 0.693788, 0.0262542, 0.906223, 0.266722, 0.327001
-0.116675, -0.129543, 0.691781, 0.0466532, 0.904431, 0.25542, 0.33851
-0.119606, -0.130545, 0.695499, 0.0580687, 0.905516, 0.243185, 0.342826
-0.12233, -0.131306, 0.696907, 0.0669103, 0.907082, 0.228651, 0.347051
-0.124979, -0.131966, 0.696939, 0.0745773, 0.908308, 0.210901, 0.353461
-0.128248, -0.133253, 0.698831, 0.0738236, 0.911047, 0.192397, 0.357109
-0.131198, -0.133836, 0.696055, 0.0808588, 0.91252, 0.16769, 0.364211
-0.134997, -0.135279, 0.697244, 0.0777802, 0.915619, 0.144393, 0.367074
-0.138015, -0.13608, 0.695854, 0.0755874, 0.917518, 0.120045, 0.371533
-0.140672, -0.136796, 0.694566, 0.0699782, 0.919529, 0.099992, 0.373593
-0.142406, -0.13697, 0.691606, 0.0693447, 0.919692, 0.0832672, 0.377391
-0.14395, -0.137621, 0.691402, 0.0623916, 0.921318, 0.0730064, 0.376762
-0.14446, -0.137654, 0.68849, 0.0590646, 0.921117, 0.0619509, 0.379758
-0.145507, -0.138025, 0.687698, 0.0515346, 0.922162, 0.0542105, 0.379503
-0.146346, -0.13807, 0.685309, 0.0474204, 0.92106, 0.0431513, 0.384105
-0.147071, -0.138181, 0.683101, 0.0415775, 0.922111, 0.0337466, 0.383203
-0.14822, -0.138918, 0.684374, 0.0248093, 0.923498, 0.0286122, 0.38173
-0.148506, -0.138767, 0.681153, 0.0229924, 0.92259, 0.0195706, 0.384598
-0.149134, -0.139105, 0.680312, 0.013324, 0.921574, 0.0116207, 0.387801
-0.149438, -0.139301, 0.679293, 0.00196087, 0.923408, 0.00637641, 0.383762
-0.150163, -0.139284, 0.676291, -0.0103902, 0.921523, -0.00352949, 0.388168
-0.151387, -0.140217, 0.678227, -0.0305582, 0.923784, -0.00746669, 0.381619
-0.150965, -0.139911, 0.674854, -0.0330376, 0.922638, -0.0150459, 0.383954
-0.150541, -0.139525, 0.671436, -0.0421422, 0.920517, -0.0174016, 0.388033
-0.150554, -0.139872, 0.671642, -0.0618742, 0.920006, -0.0208442, 0.386428
-0.149725, -0.139522, 0.669124, -0.0665101, 0.919294, -0.0211399, 0.387334
-0.148928, -0.139297, 0.667159, -0.0831924, 0.917197, -0.0179241, 0.389239
-0.148504, -0.139113, 0.665832, -0.0933032, 0.915464, -0.0166462, 0.391078
-0.147207, -0.138682, 0.663221, -0.107377, 0.91418, -0.0143813, 0.390563
-0.145926, -0.138176, 0.66043, -0.11623, 0.914126, -0.0134365, 0.388181
-0.145262, -0.13819, 0.659723, -0.124932, 0.909622, -0.0161113, 0.395878
-0.144474, -0.138092, 0.658562, -0.143815, 0.908619, -0.0135054, 0.39185
-0.144311, -0.138143, 0.658584, -0.149124, 0.908947, -0.0146705, 0.389052
-0.143688, -0.137659, 0.656977, -0.160154, 0.905642, -0.0140913, 0.392384
-0.143244, -0.137272, 0.65532, -0.171148, 0.90263, -0.0152434, 0.394633
-0.143001, -0.137214, 0.65577, -0.189604, 0.900321, -0.0134405, 0.391525
-0.141842, -0.136371, 0.652904, -0.208903, 0.895599, -0.0122406, 0.39257
-0.140655, -0.135535, 0.650372, -0.218644, 0.890954, -0.0102627, 0.397857
-0.139445, -0.134599, 0.647652, -0.235813, 0.887076, -0.010338, 0.396714
-0.138543, -0.134298, 0.647456, -0.240111, 0.88596, -0.00519338, 0.39673
-0.137851, -0.133987, 0.649769, -0.259904, 0.881958, -0.000548917, 0.393191
-0.135942, -0.13336, 0.647348, -0.260942, 0.880626, 0.00729373, 0.395417
-0.134697, -0.132754, 0.64733, -0.276835, 0.876755, 0.0136703, 0.393034
-0.132881, -0.13201, 0.645832, -0.283997, 0.874077, 0.0231677, 0.393443
-0.131476, -0.131131, 0.645364, -0.299947, 0.869863, 0.0291502, 0.390538
-0.130603, -0.131064, 0.646413, -0.304867, 0.869134, 0.0367799, 0.387699
-0.129164, -0.130695, 0.645865, -0.310207, 0.867056, 0.0444592, 0.387311
-0.127956, -0.129854, 0.647299, -0.316852, 0.865371, 0.0552175, 0.384303
-0.125923, -0.128273, 0.642736, -0.33561, 0.85867, 0.0584067, 0.382936
-0.12487, -0.127113, 0.642711, -0.345822, 0.854764, 0.0647087, 0.381573
-0.123281, -0.125818, 0.6406, -0.355373, 0.850659, 0.0694472, 0.381138
-0.122576, -0.125629, 0.643762, -0.364399, 0.84872, 0.0790377, 0.375021
-0.12074, -0.124492, 0.64202, -0.374121, 0.844734, 0.0894151, 0.372105
-0.119068, -0.123451, 0.642487, -0.378124, 0.843886, 0.10183, 0.366756
-0.116786, -0.122563, 0.641366, -0.382752, 0.842285, 0.118587, 0.360545
-0.11514, -0.121947, 0.642388, -0.386156, 0.842527, 0.133112, 0.351159
-0.1138, -0.121529, 0.644928, -0.384852, 0.843427, 0.148937, 0.344002
-0.11197, -0.120422, 0.643231, -0.38855, 0.842243, 0.162388, 0.336579
-0.110331, -0.119189, 0.64175, -0.39432, 0.839752, 0.173992, 0.330236
-0.109332, -0.118311, 0.64235, -0.397146, 0.838788, 0.183459, 0.324119
-0.10827, -0.117377, 0.641658, -0.401984, 0.836359, 0.191977, 0.319465
-0.107248, -0.116642, 0.640712, -0.40487, 0.834688, 0.199587, 0.315501
-0.106283, -0.115952, 0.64071, -0.408878, 0.833662, 0.206634, 0.30843
-0.105142, -0.115037, 0.640284, -0.408736, 0.832662, 0.219038, 0.302708
-0.104019, -0.114404, 0.641174, -0.407765, 0.833517, 0.231025, 0.292583
-0.103034, -0.114003, 0.64274, -0.404371, 0.835334, 0.243256, 0.282006
-0.101726, -0.113126, 0.641118, -0.403956, 0.833973, 0.254515, 0.276642
-0.101225, -0.113123, 0.643445, -0.399368, 0.836125, 0.264497, 0.267287
-0.100179, -0.112823, 0.642972, -0.393414, 0.837041, 0.275029, 0.262578
-0.0993119, -0.112715, 0.643323, -0.385216, 0.840503, 0.283364, 0.254691
-0.0990522, -0.113052, 0.646005, -0.376457, 0.843217, 0.292489, 0.248425
-0.0982763, -0.113156, 0.646805, -0.368582, 0.84517, 0.300852, 0.243563
-0.0969548, -0.112603, 0.645781, -0.360376, 0.846884, 0.313533, 0.233694
-0.096167, -0.112609, 0.647763, -0.35018, 0.84912, 0.324216, 0.226392
-0.0954291, -0.1124, 0.649038, -0.341549, 0.850691, 0.335093, 0.217673
-0.0943266, -0.111832, 0.647293, -0.338165, 0.850862, 0.34315, 0.209587
-0.0939388, -0.112179, 0.650713, -0.326336, 0.853012, 0.352175, 0.204569
-0.0934461, -0.112117, 0.652005, -0.317651, 0.853938, 0.359443, 0.201713
-0.0928782, -0.112255, 0.652337, -0.308652, 0.855684, 0.364691, 0.198845
-0.0926711, -0.112641, 0.654225, -0.297254, 0.858334, 0.368895, 0.197026
-0.092206, -0.112835, 0.654662, -0.286324, 0.859977, 0.374161, 0.196118
-0.0915935, -0.112987, 0.655898, -0.2728, 0.862068, 0.380473, 0.194061
-0.0913053, -0.113222, 0.65809, -0.260824, 0.864353, 0.385938, 0.189517
-0.0907875, -0.113212, 0.658481, -0.251751, 0.865555, 0.390854, 0.186198
-0.0905041, -0.113413, 0.660742, -0.236866, 0.867509, 0.396363, 0.184985
-0.0903766, -0.113761, 0.664128, -0.221244, 0.869435, 0.402458, 0.182103
-0.0899738, -0.113621, 0.664879, -0.211536, 0.869345, 0.407455, 0.182952
-0.0898155, -0.114082, 0.668186, -0.191041, 0.871722, 0.412804, 0.182201
-0.0897962, -0.114276, 0.669567, -0.182039, 0.872414, 0.414679, 0.183838
-0.0898733, -0.11479, 0.671631, -0.164908, 0.874345, 0.415878, 0.188075
-0.0901056, -0.11527, 0.673415, -0.152744, 0.875613, 0.415048, 0.194179
-0.0906543, -0.115816, 0.67652, -0.125082, 0.878119, 0.415356, 0.201843
-0.0909235, -0.116115, 0.677609, -0.110343, 0.878108, 0.414492, 0.212006
-0.0913982, -0.116351, 0.67932, -0.0873031, 0.878784, 0.413366, 0.221912
-0.0917891, -0.116251, 0.681563, -0.0682032, 0.877939, 0.415623, 0.22766
-0.0919224, -0.115892, 0.684165, -0.0506127, 0.877032, 0.419528, 0.228582
-0.0919913, -0.115375, 0.686021, -0.0395831, 0.874726, 0.423508, 0.232226
-0.0926556, -0.115471, 0.689219, -0.0213342, 0.874984, 0.4234, 0.23384
-0.0934921, -0.115528, 0.690515, -0.00372027, 0.87374, 0.420851, 0.243823
-0.0945258, -0.115804, 0.691782, 0.011057, 0.872228, 0.415468, 0.25784
-0.0959632, -0.116312, 0.695042, 0.0209324, 0.87346, 0.411515, 0.259393
-0.0974138, -0.116998, 0.697254, 0.0313917, 0.87507, 0.405515, 0.262345
-0.0987699, -0.117688, 0.697233, 0.0371549, 0.875655, 0.39635, 0.273411
-0.100442, -0.118855, 0.698514, 0.0401733, 0.878415, 0.386287, 0.278489
-0.102208, -0.119996, 0.700257, 0.0438262, 0.8808, 0.376879, 0.283254
-0.103347, -0.120229, 0.698171, 0.0558588, 0.881251, 0.366114, 0.293661
-0.105133, -0.120892, 0.700144, 0.0632776, 0.881811, 0.358651, 0.299625
-0.107131, -0.121789, 0.70169, 0.0721563, 0.882842, 0.348848, 0.306087
-0.109169, -0.122771, 0.702467, 0.0800713, 0.884792, 0.334914, 0.313951
-0.111058, -0.123562, 0.701933, 0.0878405, 0.885433, 0.322761, 0.322673
-0.113058, -0.12435, 0.701809, 0.0918401, 0.887004, 0.309287, 0.33035
-0.115527, -0.125649, 0.704515, 0.09572, 0.890661, 0.297475, 0.330256
-0.117758, -0.126653, 0.705191, 0.0987638, 0.892821, 0.282249, 0.336828
-0.119745, -0.127456, 0.704509, 0.106369, 0.893298, 0.269808, 0.343378
-0.121982, -0.128231, 0.706459, 0.109231, 0.896327, 0.257528, 0.344015
-0.124137, -0.128813, 0.707821, 0.117365, 0.896104, 0.246001, 0.350295
-0.126322, -0.128901, 0.707856, 0.126954, 0.896374, 0.232605, 0.355374
-0.128834, -0.129355, 0.709182, 0.136805, 0.896389, 0.218656, 0.3605
-0.131332, -0.129887, 0.710062, 0.141235, 0.89797, 0.20481, 0.362982
-0.133486, -0.130382, 0.709326, 0.144059, 0.898612, 0.189179, 0.36872
-0.136168, -0.131333, 0.710846, 0.145862, 0.901535, 0.172824, 0.368906
-0.138193, -0.131588, 0.708442, 0.145219, 0.903101, 0.15384, 0.373702
-0.141439, -0.133323, 0.709489, 0.136856, 0.908062, 0.132235, 0.373105
-0.143908, -0.134299, 0.707065, 0.129338, 0.911488, 0.110877, 0.374391
-0.145964, -0.134997, 0.703275, 0.119338, 0.913805, 0.0888004, 0.377933
-0.148969, -0.136354, 0.704109, 0.108374, 0.917789, 0.0691788, 0.375676
-0.151263, -0.137304, 0.701541, 0.0986885, 0.919277, 0.0515059, 0.377542
-0.152605, -0.137364, 0.696679, 0.0968892, 0.920196, 0.0333762, 0.377807
-0.154514, -0.137754, 0.694297, 0.0912413, 0.920127, 0.0173888, 0.380446
-0.155974, -0.137468, 0.695777, 0.0836711, 0.922263, 0.00564403, 0.377357
-0.156569, -0.136976, 0.691338, 0.0800311, 0.920697, -0.0091824, 0.381874
-0.158103, -0.137321, 0.690417, 0.0730536, 0.920423, -0.0216246, 0.383428
-0.159911, -0.137883, 0.691036, 0.0603116, 0.922465, -0.0336039, 0.379857
-0.160925, -0.137706, 0.688231, 0.056702, 0.921347, -0.0464413, 0.38177
-0.161996, -0.137398, 0.685669, 0.0475207, 0.920474, -0.0580341, 0.383539
-0.162876, -0.137336, 0.684075, 0.0311363, 0.920717, -0.0698452, 0.382664
-0.163291, -0.13721, 0.681266, 0.0254547, 0.920055, -0.077705, 0.383162
-0.164173, -0.137155, 0.679512, 0.0154281, 0.919333, -0.0892334, 0.382918
-0.164905, -0.136432, 0.675552, 0.00972251, 0.91793, -0.100853, 0.383587
-0.166868, -0.136361, 0.675579, -0.00192176, 0.916482, -0.114768, 0.383256
-0.167869, -0.1352, 0.671202, -0.00354856, 0.913419, -0.131089, 0.385316
-0.169088, -0.134569, 0.669103, -0.01357, 0.911249, -0.145206, 0.385171
-0.170323, -0.13438, 0.6687, -0.0243447, 0.909418, -0.15646, 0.384559
-0.17097, -0.133722, 0.666482, -0.0362643, 0.906518, -0.166201, 0.386377
-0.172075, -0.133283, 0.665959, -0.046276, 0.904532, -0.176465, 0.385411
-0.172402, -0.132206, 0.662232, -0.0530354, 0.900983, -0.186158, 0.38828
-0.173331, -0.131689, 0.660856, -0.064926, 0.898176, -0.197743, 0.387249
-0.173805, -0.130902, 0.658858, -0.0767984, 0.89441, -0.205849, 0.389561
-0.173782, -0.130266, 0.656719, -0.0850028, 0.891886, -0.211091, 0.390837
-0.173329, -0.129855, 0.654516, -0.0939507, 0.889495, -0.214116, 0.39259
-0.172727, -0.129685, 0.653566, -0.106882, 0.887703, -0.213841, 0.393486
-0.171712, -0.129537, 0.651825, -0.119911, 0.884738, -0.212519, 0.39711
-0.170488, -0.129391, 0.649898, -0.13346, 0.882413, -0.208242, 0.400214
-0.169277, -0.129328, 0.648231, -0.141626, 0.880958, -0.204126, 0.402726
-0.168285, -0.129418, 0.647482, -0.151595, 0.87974, -0.199661, 0.403995
-0.167582, -0.129303, 0.647107, -0.163956, 0.876777, -0.198093, 0.406374
-0.166519, -0.128657, 0.644384, -0.176532, 0.872802, -0.198181, 0.409607
-0.166258, -0.128352, 0.643878, -0.183791, 0.870736, -0.199304, 0.410266
-0.165692, -0.127395, 0.64171, -0.199483, 0.864714, -0.201585, 0.414537
-0.165402, -0.126557, 0.64019, -0.210929, 0.859611, -0.206978, 0.41682
-0.164689, -0.125845, 0.638354, -0.220899, 0.856024, -0.206036, 0.419496
-0.164203, -0.125603, 0.638352, -0.229427, 0.853221, -0.206064, 0.420613
-0.163273, -0.125089, 0.637099, -0.239467, 0.849289, -0.204776, 0.423593
-0.162346, -0.124569, 0.635943, -0.247454, 0.846255, -0.202771, 0.426032
-0.161723, -0.124646, 0.636384, -0.253167, 0.845216, -0.199615, 0.426227
-0.160732, -0.124521, 0.636731, -0.260457, 0.843403, -0.194823, 0.427642
-0.159126, -0.124125, 0.634729, -0.271183, 0.839858, -0.1894, 0.43038
-0.158671, -0.124369, 0.6367, -0.276414, 0.839648, -0.184554, 0.429566
-0.157735, -0.124302, 0.636419, -0.282214, 0.838156, -0.179479, 0.430856
-0.156511, -0.123876, 0.634758, -0.289684, 0.835396, -0.176503, 0.432485
-0.155497, -0.123495, 0.633904, -0.296529, 0.832834, -0.173219, 0.434113
-0.154634, -0.123589, 0.635062, -0.303057, 0.831505, -0.166865, 0.434641
-0.153068, -0.123435, 0.634429, -0.310111, 0.82965, -0.157938, 0.43654
-0.151227, -0.123394, 0.633197, -0.316433, 0.828674, -0.15016, 0.436603
-0.150206, -0.123697, 0.635377, -0.323952, 0.82785, -0.140787, 0.435773
-0.148405, -0.123147, 0.633487, -0.331099, 0.825468, -0.132059, 0.437649
-0.147601, -0.123618, 0.636038, -0.335956, 0.826788, -0.126548, 0.43306
-0.145382, -0.122614, 0.631596, -0.344883, 0.822502, -0.116801, 0.436926
-0.144985, -0.123389, 0.635445, -0.344722, 0.824483, -0.107339, 0.435744
-0.143822, -0.124273, 0.638937, -0.348663, 0.827223, -0.0968552, 0.429832
-0.142173, -0.123968, 0.638544, -0.35348, 0.826269, -0.0845766, 0.430324
-0.139669, -0.123557, 0.636836, -0.360329, 0.824214, -0.070677, 0.43109
-0.137518, -0.123384, 0.637187, -0.366924, 0.825183, -0.0552331, 0.425898
-0.135717, -0.123227, 0.637757, -0.372283, 0.826269, -0.0431217, 0.420505
-0.133584, -0.122538, 0.636024, -0.378406, 0.823832, -0.0307451, 0.42091
-0.131694, -0.121965, 0.635462, -0.387843, 0.821271, -0.0198127, 0.417971
-0.13008, -0.121634, 0.636565, -0.393728, 0.820662, -0.00741757, 0.41405
-0.128189, -0.121107, 0.637019, -0.400591, 0.819418, 0.00570838, 0.409937
-0.126587, -0.120636, 0.637933, -0.405006, 0.818973, 0.0195883, 0.406042
-0.124878, -0.12039, 0.63917, -0.412076, 0.818423, 0.0328945, 0.399118
-0.123017, -0.119911, 0.638725, -0.413035, 0.819674, 0.0481488, 0.393978
-0.121427, -0.119916, 0.639325, -0.411525, 0.822556, 0.0642598, 0.387194
-0.120099, -0.119884, 0.640153, -0.410363, 0.824957, 0.0781757, 0.380705
-0.119045, -0.120097, 0.641854, -0.407961, 0.827943, 0.0918408, 0.373688
-0.117129, -0.119433, 0.638589, -0.405077, 0.829905, 0.101744, 0.369891
-0.116605, -0.119768, 0.643048, -0.401645, 0.833174, 0.116239, 0.361927
-0.114286, -0.118364, 0.638282, -0.410679, 0.829021, 0.127327, 0.357569
-0.113207, -0.117775, 0.640352, -0.41306, 0.829402, 0.138703, 0.34962
-0.111457, -0.116985, 0.639417, -0.417424, 0.828494, 0.15132, 0.341258
-0.110106, -0.116749, 0.640434, -0.411452, 0.831601, 0.168539, 0.332778
-0.108704, -0.116906, 0.64199, -0.402948, 0.835849, 0.185969, 0.323116
-0.106947, -0.116251, 0.64099, -0.398383, 0.838741, 0.201639, 0.311683
-0.105655, -0.116198, 0.641459, -0.390042, 0.841943, 0.216143, 0.303779
-0.104787, -0.11656, 0.643448, -0.378662, 0.846438, 0.229094, 0.296099
-0.103957, -0.116649, 0.644266, -0.370628, 0.849383, 0.24024, 0.28891
-0.103095, -0.116841, 0.644878, -0.361458, 0.853009, 0.249604, 0.281819
-0.102524, -0.117399, 0.647044, -0.349855, 0.85671, 0.259988, 0.275783
-0.101923, -0.117608, 0.649344, -0.339195, 0.859726, 0.270973, 0.269055
-0.100757, -0.117023, 0.64904, -0.33435, 0.860175, 0.282171, 0.262086
-0.0996261, -0.11649, 0.64978, -0.329602, 0.860145, 0.294912, 0.254046
-0.0986137, -0.116074, 0.651942, -0.324846, 0.861035, 0.307706, 0.241684
-0.0975262, -0.115083, 0.652379, -0.324266, 0.859162, 0.319118, 0.234215
-0.0961534, -0.113575, 0.649925, -0.328039, 0.856421, 0.328904, 0.225289
-0.095253, -0.112888, 0.650921, -0.326334, 0.855032, 0.340399, 0.215765
-0.094172, -0.112137, 0.651403, -0.320464, 0.854645, 0.353138, 0.205374
-0.0928682, -0.111238, 0.651236, -0.313799, 0.853419, 0.366348, 0.197472
-0.0920406, -0.110979, 0.653905, -0.297837, 0.855686, 0.379041, 0.188207
-0.0913383, -0.11055, 0.65653, -0.286527, 0.856591, 0.390231, 0.17853
-0.0898827, -0.10925, 0.652891, -0.287396, 0.853274, 0.398143, 0.175528
-0.0895974, -0.109403, 0.657719, -0.276932, 0.8544, 0.4097, 0.159548
-0.0885181, -0.107984, 0.654742, -0.27865, 0.851166, 0.416889, 0.155157
-0.0880196, -0.107583, 0.654981, -0.276262, 0.848875, 0.425196, 0.149328
-0.0874676, -0.106866, 0.654189, -0.276644, 0.846173, 0.434031, 0.138116
-0.0868646, -0.106366, 0.655043, -0.272457, 0.84348, 0.445546, 0.125691
-0.0857461, -0.104891, 0.65283, -0.273486, 0.838119, 0.458114, 0.113547
-0.0852551, -0.104332, 0.655678, -0.266331, 0.834727, 0.472298, 0.0960876
-0.0854038, -0.104373, 0.660399, -0.265226, 0.829768, 0.48395, 0.0832666
-0.0858096, -0.104204, 0.664664, -0.265058, 0.824838, 0.493419, 0.0769656
-0.0859758, -0.104249, 0.668963, -0.263697, 0.821426, 0.501614, 0.0640816
-0.0928908, -0.118886, 0.696932, -0.112202, 0.8713, 0.451137, 0.157233
-0.0898351, -0.115065, 0.679571, -0.0999918, 0.874003, 0.426728, 0.209817
-0.0914818, -0.116459, 0.679085, -0.10169, 0.878289, 0.4128, 0.218777
-0.0928418, -0.11783, 0.680167, -0.0932179, 0.881629, 0.402586, 0.227959
-0.0940494, -0.118864, 0.682032, -0.0814812, 0.884033, 0.395203, 0.235929
-0.0950274, -0.119573, 0.683918, -0.0644252, 0.88509, 0.390571, 0.244784
-0.0959217, -0.119983, 0.684668, -0.0468138, 0.88619, 0.385744, 0.252345
-0.0972936, -0.120919, 0.68726, -0.0480383, 0.887469, 0.381337, 0.254308
-0.0986103, -0.121708, 0.687099, -0.039469, 0.889376, 0.371327, 0.263761
-0.100141, -0.122684, 0.688265, -0.0307488, 0.891425, 0.360167, 0.273306
-0.102116, -0.124225, 0.690797, -0.0204752, 0.894771, 0.349302, 0.277404
-0.103838, -0.124918, 0.690268, -0.0169559, 0.896261, 0.337368, 0.287423
-0.105455, -0.125618, 0.689874, -0.00892765, 0.897407, 0.326851, 0.296225
-0.107502, -0.126689, 0.692803, 0.000529871, 0.89989, 0.317241, 0.299259
-0.108875, -0.127056, 0.692206, 0.0108749, 0.899752, 0.307153, 0.309815
-0.110961, -0.128062, 0.695985, 0.0209465, 0.902622, 0.298483, 0.309422
-0.112335, -0.128351, 0.695573, 0.0273323, 0.902682, 0.290132, 0.316611
-0.113319, -0.128271, 0.693048, 0.0382657, 0.901327, 0.281075, 0.327326
-0.115251, -0.129127, 0.694774, 0.0441553, 0.903225, 0.270068, 0.330604
-0.117116, -0.129977, 0.696251, 0.0452321, 0.904545, 0.261775, 0.333506
-0.118876, -0.130434, 0.695789, 0.0536726, 0.905288, 0.249339, 0.339709
-0.120641, -0.130977, 0.695751, 0.0554479, 0.90636, 0.23731, 0.345139
-0.123018, -0.131864, 0.697459, 0.0601308, 0.908789, 0.224587, 0.346478
-0.125236, -0.132459, 0.698012, 0.0684513, 0.90924, 0.210037, 0.352819
-0.127277, -0.132715, 0.698007, 0.0769645, 0.908883, 0.198762, 0.358471
-0.129449, -0.133188, 0.699931, 0.084819, 0.909506, 0.188609, 0.360599
-0.131186, -0.133219, 0.699429, 0.0908961, 0.9099, 0.177336, 0.363829
-0.133231, -0.133416, 0.699737, 0.0984874, 0.910109, 0.163694, 0.367703
-0.135476, -0.133842, 0.700163, 0.10354, 0.910987, 0.150092, 0.369938
-0.138076, -0.134294, 0.701024, 0.107804, 0.912156, 0.135541, 0.371455
-0.140362, -0.134244, 0.699725, 0.11488, 0.911666, 0.120226, 0.375785
-0.142875, -0.134454, 0.700391, 0.12215, 0.912337, 0.104631, 0.376527
-0.145281, -0.134649, 0.701158, 0.123386, 0.913228, 0.0895191, 0.377857
-0.148095, -0.135211, 0.702738, 0.125287, 0.914305, 0.0740572, 0.377975
-0.149893, -0.134939, 0.69952, 0.126132, 0.9136, 0.0559305, 0.382488
-0.151897, -0.134942, 0.698108, 0.126657, 0.915384, 0.0396702, 0.380074
-0.154797, -0.135824, 0.70071, 0.119925, 0.916174, 0.0244422, 0.381636
-0.157042, -0.136099, 0.699589, 0.113899, 0.918992, 0.0108148, 0.377311
-0.158277, -0.135763, 0.695356, 0.109954, 0.917206, -0.0107907, 0.382789
-0.160116, -0.135762, 0.692966, 0.103543, 0.917916, -0.0271144, 0.382064
-0.161788, -0.135915, 0.691559, 0.0967113, 0.918186, -0.0424871, 0.381807
-0.162564, -0.135701, 0.688441, 0.0889917, 0.917974, -0.0544031, 0.382681
-0.16385, -0.136203, 0.688752, 0.0754902, 0.919022, -0.0635801, 0.381651
-0.164852, -0.136663, 0.68887, 0.0647636, 0.920211, -0.0729927, 0.379065
-0.164655, -0.136179, 0.684029, 0.0597771, 0.919065, -0.0797679, 0.381292
-0.164827, -0.136433, 0.681278, 0.0461433, 0.918429, -0.0868242, 0.383173
-0.16542, -0.13646, 0.679874, 0.0365874, 0.918669, -0.0946949, 0.381762
-0.165441, -0.136114, 0.67572, 0.0231596, 0.916609, -0.104033, 0.385317
-0.165811, -0.136093, 0.673717, 0.0113647, 0.915939, -0.110039, 0.385769
-0.165973, -0.135978, 0.67113, -0.00125035, 0.914974, -0.116865, 0.386218
-0.166096, -0.135988, 0.669323, -0.0194323, 0.913537, -0.123798, 0.386971
-0.166506, -0.136271, 0.669733, -0.0290146, 0.913024, -0.127173, 0.386487
-0.166092, -0.136105, 0.667394, -0.039348, 0.911355, -0.129386, 0.388771
-0.165945, -0.13615, 0.666893, -0.0523325, 0.910491, -0.130018, 0.389053
-0.165385, -0.136012, 0.6648, -0.0628083, 0.908974, -0.131979, 0.390388
-0.164785, -0.135459, 0.661626, -0.0743341, 0.906679, -0.135157, 0.392606
-0.165254, -0.135037, 0.660018, -0.0891584, 0.903441, -0.143208, 0.394128
-0.165681, -0.134126, 0.657188, -0.104637, 0.898788, -0.152477, 0.397469
-0.166473, -0.133308, 0.654911, -0.119495, 0.894374, -0.164876, 0.398287
-0.167096, -0.132228, 0.652241, -0.133948, 0.88924, -0.175561, 0.400609
-0.16729, -0.130709, 0.648467, -0.150273, 0.881997, -0.188068, 0.405129
-0.168001, -0.129614, 0.646714, -0.160383, 0.877205, -0.198244, 0.406801
-0.168287, -0.128326, 0.643986, -0.173227, 0.871053, -0.208694, 0.409519
-0.168189, -0.127265, 0.64203, -0.187757, 0.865126, -0.215445, 0.412175
-0.168138, -0.127005, 0.641775, -0.194124, 0.863084, -0.216512, 0.412947
-0.167173, -0.126725, 0.640613, -0.204896, 0.860015, -0.214402, 0.41524
-0.166254, -0.126781, 0.640039, -0.210371, 0.858886, -0.21013, 0.417019
-0.165206, -0.126496, 0.638954, -0.219419, 0.856199, -0.207457, 0.419215
-0.164627, -0.126386, 0.639007, -0.226261, 0.854964, -0.205343, 0.419138
-0.163683, -0.125597, 0.636525, -0.237968, 0.850004, -0.20474, 0.423019
-0.163394, -0.125039, 0.636604, -0.247587, 0.846018, -0.206027, 0.42486
-0.162694, -0.124303, 0.635158, -0.257101, 0.841536, -0.207505, 0.427385
-0.161357, -0.12321, 0.632143, -0.268915, 0.835754, -0.206553, 0.431899
-0.16073, -0.122982, 0.632796, -0.278546, 0.832986, -0.203739, 0.432478
-0.159603, -0.12257, 0.632262, -0.288046, 0.829404, -0.200398, 0.434694
-0.158267, -0.122234, 0.631994, -0.298229, 0.825477, -0.194714, 0.437874
-0.156654, -0.121627, 0.630981, -0.31073, 0.821196, -0.188466, 0.43996
-0.155165, -0.121232, 0.631434, -0.32279, 0.816607, -0.183063, 0.442094
-0.153242, -0.120566, 0.630464, -0.335306, 0.812117, -0.175535, 0.444099
-0.151368, -0.119745, 0.628709, -0.347649, 0.806435, -0.169928, 0.447132
-0.149865, -0.119118, 0.628236, -0.359241, 0.801229, -0.162938, 0.449922
-0.148489, -0.118551, 0.628702, -0.372111, 0.796181, -0.15865, 0.449954
-0.146406, -0.117402, 0.627027, -0.384331, 0.789814, -0.150427, 0.453712
-0.145382, -0.117205, 0.629513, -0.393411, 0.785908, -0.145439, 0.454339
-0.143509, -0.116496, 0.629296, -0.404906, 0.781419, -0.137501, 0.454455
-0.140758, -0.115218, 0.626206, -0.418451, 0.775128, -0.125955, 0.456301
-0.139397, -0.114779, 0.629097, -0.429305, 0.769407, -0.116155, 0.458496
-0.138196, -0.113991, 0.629222, -0.44143, 0.763938, -0.113215, 0.456859
-0.137492, -0.113728, 0.630382, -0.447243, 0.762328, -0.108866, 0.454948
-0.136304, -0.113647, 0.630485, -0.449579, 0.761536, -0.0991561, 0.456191
-0.135124, -0.113917, 0.632496, -0.453159, 0.76205, -0.0861987, 0.454419
-0.133467, -0.113928, 0.632777, -0.460345, 0.761524, -0.0752649, 0.449999
-0.131858, -0.113576, 0.632594, -0.462972, 0.7628, -0.0635809, 0.446936
-0.13065, -0.113789, 0.632941, -0.462199, 0.765724, -0.0497638, 0.444481
-0.129169, -0.11405, 0.631846, -0.462982, 0.769061, -0.0394836, 0.438902
-0.128531, -0.114997, 0.632812, -0.45613, 0.776093, -0.0268968, 0.434629
-0.127935, -0.115792, 0.633458, -0.451552, 0.782274, -0.0188511, 0.42871
-0.127395, -0.116533, 0.634265, -0.447163, 0.787952, -0.0103862, 0.423164
-0.126487, -0.116883, 0.634109, -0.443406, 0.792279, -0.00047748, 0.419147
-0.125491, -0.117418, 0.634142, -0.438627, 0.797585, 0.0108723, 0.413939
-0.124674, -0.117984, 0.635156, -0.434486, 0.802549, 0.0212486, 0.408272
-0.123853, -0.118632, 0.635986, -0.429368, 0.807689, 0.0320668, 0.402807
-0.123233, -0.119191, 0.63706, -0.422831, 0.812851, 0.0422256, 0.398377
-0.122771, -0.119954, 0.638036, -0.416533, 0.818349, 0.0500964, 0.392804
-0.121514, -0.119915, 0.635398, -0.412532, 0.821238, 0.0572889, 0.390004
-0.121406, -0.120903, 0.638257, -0.403366, 0.827455, 0.0660661, 0.385033
-0.120515, -0.121213, 0.637292, -0.39477, 0.83236, 0.0751563, 0.381688
-0.120618, -0.122713, 0.642186, -0.38539, 0.839181, 0.0862439, 0.373915
-0.1199, -0.123592, 0.643622, -0.374415, 0.845906, 0.0956305, 0.367575
-0.118611, -0.12355, 0.640682, -0.362657, 0.850896, 0.104789, 0.365342
-0.119154, -0.125747, 0.646788, -0.343808, 0.860581, 0.115026, 0.357723
-0.11907, -0.126799, 0.647915, -0.326887, 0.866745, 0.120035, 0.357056
-0.118619, -0.127019, 0.645875, -0.31813, 0.869663, 0.122171, 0.357147
-0.119341, -0.128259, 0.648656, -0.30501, 0.875023, 0.123164, 0.355155
-0.120243, -0.129528, 0.651651, -0.288054, 0.880937, 0.124929, 0.354072
-0.120749, -0.130159, 0.651172, -0.277236, 0.883637, 0.121621, 0.357118
-0.121895, -0.13132, 0.652939, -0.265607, 0.887279, 0.118287, 0.358047
-0.123128, -0.132243, 0.653734, -0.248353, 0.892164, 0.112813, 0.360051
-0.124515, -0.13311, 0.65429, -0.236597, 0.894923, 0.104725, 0.363548
-0.126086, -0.13384, 0.654439, -0.223674, 0.897564, 0.0947617, 0.367925
-0.128194, -0.134943, 0.656263, -0.20925, 0.900854, 0.0865165, 0.370393
-0.130018, -0.13574, 0.657601, -0.19784, 0.903452, 0.0771907, 0.372392
-0.131676, -0.136326, 0.658288, -0.188843, 0.905256, 0.0681625, 0.374437
-0.133731, -0.137093, 0.659993, -0.167828, 0.908305, 0.0588817, 0.378614
-0.135969, -0.137693, 0.661561, -0.155655, 0.910222, 0.0486592, 0.380656
-0.137883, -0.137797, 0.660553, -0.14373, 0.91121, 0.035394, 0.384429
-0.140258, -0.138122, 0.661392, -0.136757, 0.911767, 0.0210441, 0.386698
-0.142947, -0.138691, 0.663631, -0.121353, 0.913554, 0.00830882, 0.388103
-0.145156, -0.138607, 0.663562, -0.109981, 0.913195, -0.00665103, 0.392345
-0.147901, -0.13857, 0.663824, -0.100826, 0.914101, -0.0167468, 0.392394
-0.15013, -0.138709, 0.664906, -0.0870113, 0.91584, -0.0345865, 0.390475
-0.152941, -0.138487, 0.665558, -0.100398, 0.912724, -0.0511587, 0.392731
-0.155476, -0.137921, 0.663908, -0.0995324, 0.910573, -0.0717993, 0.394708
-0.157627, -0.136862, 0.660814, -0.101749, 0.907223, -0.0927937, 0.39747
-0.160026, -0.136214, 0.659584, -0.110123, 0.903663, -0.110539, 0.398807
-0.161613, -0.135063, 0.656292, -0.117835, 0.899317, -0.129253, 0.400797
-0.16323, -0.134024, 0.654479, -0.130494, 0.894958, -0.146404, 0.400734
-0.163999, -0.132796, 0.651128, -0.142222, 0.889358, -0.158947, 0.404414
-0.164355, -0.13155, 0.648408, -0.161404, 0.883022, -0.169352, 0.406866
-0.164616, -0.130741, 0.646884, -0.177053, 0.87774, -0.176773, 0.408628
-0.163695, -0.12941, 0.642978, -0.195947, 0.870198, -0.182335, 0.413659
-0.162908, -0.128662, 0.641532, -0.208541, 0.866014, -0.18311, 0.415934
-0.161414, -0.127914, 0.639652, -0.225995, 0.860114, -0.180705, 0.420091
-0.159721, -0.127937, 0.63999, -0.239782, 0.857093, -0.171403, 0.422513
-0.157211, -0.127785, 0.640059, -0.25594, 0.853646, -0.15868, 0.424974
-0.154347, -0.127459, 0.638666, -0.272412, 0.850071, -0.144857, 0.426835
-0.151412, -0.12704, 0.636838, -0.286418, 0.846928, -0.129716, 0.428779
-0.149292, -0.127503, 0.639364, -0.295057, 0.847792, -0.115231, 0.425338
-0.146963, -0.127831, 0.640491, -0.300281, 0.848765, -0.0979014, 0.424081
-0.144109, -0.127374, 0.637454, -0.308037, 0.847671, -0.0788239, 0.424682
-0.143055, -0.128658, 0.643734, -0.309823, 0.851386, -0.067566, 0.417837
-0.140341, -0.128035, 0.641154, -0.31783, 0.850143, -0.0513247, 0.416662
-0.138364, -0.128201, 0.642594, -0.323468, 0.851827, -0.0364687, 0.410401
-0.13563, -0.127809, 0.642185, -0.328678, 0.851308, -0.0176489, 0.408575
-0.132829, -0.127469, 0.640908, -0.333843, 0.851234, -4.39069e-05, 0.404906
-0.130976, -0.127525, 0.642481, -0.336036, 0.852792, 0.0168813, 0.399425
-0.128694, -0.126814, 0.641352, -0.343271, 0.851626, 0.0300549, 0.394963
-0.127185, -0.126432, 0.642739, -0.349958, 0.851349, 0.0438313, 0.388347
-0.125187, -0.125936, 0.642471, -0.35027, 0.851818, 0.0579629, 0.385171
-0.123931, -0.126127, 0.646014, -0.351596, 0.853159, 0.0730177, 0.378376
-0.121567, -0.124967, 0.643075, -0.355529, 0.852291, 0.0874334, 0.37357
-0.120009, -0.124616, 0.642446, -0.357134, 0.852439, 0.0996568, 0.368607
-0.119041, -0.124291, 0.643595, -0.360366, 0.851743, 0.108464, 0.364562
-0.117425, -0.123168, 0.641647, -0.369655, 0.848388, 0.114092, 0.361352
-0.116452, -0.122436, 0.642417, -0.37203, 0.847738, 0.123893, 0.357189
-0.115452, -0.12226, 0.644975, -0.372568, 0.848514, 0.137006, 0.349925
-0.113895, -0.122014, 0.645797, -0.37319, 0.849223, 0.151821, 0.341321
-0.111991, -0.12106, 0.644118, -0.373578, 0.849174, 0.166472, 0.334111
-0.110821, -0.120849, 0.645275, -0.370626, 0.850802, 0.178663, 0.326883
-0.109245, -0.119942, 0.643512, -0.37016, 0.850569, 0.189997, 0.321582
-0.108511, -0.119582, 0.644628, -0.371169, 0.850495, 0.198336, 0.315522
-0.107244, -0.118173, 0.643476, -0.379405, 0.846883, 0.205974, 0.31051
-0.106299, -0.117545, 0.645628, -0.379285, 0.846888, 0.219734, 0.301067
-0.104705, -0.117027, 0.644565, -0.374574, 0.847762, 0.233645, 0.293945
-0.103352, -0.116885, 0.646023, -0.364654, 0.85168, 0.249395, 0.281907
-0.102244, -0.117118, 0.647126, -0.353724, 0.855016, 0.262407, 0.273805
-0.101314, -0.117415, 0.647579, -0.33943, 0.859342, 0.272607, 0.268336
-0.101207, -0.11861, 0.650322, -0.322854, 0.864104, 0.278736, 0.267198
-0.101208, -0.11981, 0.65309, -0.303979, 0.870381, 0.283001, 0.264471
-0.101152, -0.121063, 0.654834, -0.284247, 0.875847, 0.286338, 0.264775
-0.101125, -0.121924, 0.656925, -0.261078, 0.880858, 0.290588, 0.267369
-0.101467, -0.123153, 0.65995, -0.24132, 0.88594, 0.293156, 0.266337
-0.102199, -0.124414, 0.662574, -0.222089, 0.89035, 0.290858, 0.270841
-0.10367, -0.126128, 0.666628, -0.197701, 0.896173, 0.286583, 0.275061
-0.105304, -0.127672, 0.669478, -0.169332, 0.900606, 0.279503, 0.286555
-0.10659, -0.128538, 0.669522, -0.151522, 0.903058, 0.27165, 0.2962
-0.108478, -0.129924, 0.672311, -0.123535, 0.906377, 0.262473, 0.307129
-0.110644, -0.131096, 0.675165, -0.102, 0.908888, 0.252878, 0.315549
-0.112939, -0.132001, 0.677044, -0.0804873, 0.911543, 0.241021, 0.323295
-0.1155, -0.133285, 0.680235, -0.0695038, 0.914175, 0.22842, 0.327532
-0.117447, -0.133662, 0.679767, -0.0531825, 0.914721, 0.216549, 0.336992
-0.120165, -0.134816, 0.683201, -0.0417938, 0.917056, 0.203581, 0.340318
-0.123316, -0.13571, 0.685383, -0.0282173, 0.918221, 0.188064, 0.347428
-0.126424, -0.136197, 0.684923, -0.0128709, 0.918654, 0.167824, 0.357414
-0.130404, -0.137298, 0.687222, -0.0020573, 0.920929, 0.144982, 0.361754
-0.134187, -0.138047, 0.687666, 0.0077065, 0.922046, 0.122336, 0.367158
-0.137157, -0.138227, 0.684601, 0.00860898, 0.921981, 0.099116, 0.374238
-0.140212, -0.138594, 0.683498, 0.00845051, 0.922363, 0.0765851, 0.378562
-0.143525, -0.139245, 0.683488, 0.00517879, 0.923164, 0.0538302, 0.380583
-0.146216, -0.139074, 0.679957, 0.00152065, 0.922826, 0.0299264, 0.384051
-0.148815, -0.138969, 0.67694, 0.000315312, 0.923384, 0.00622529, 0.383826
-0.151433, -0.139353, 0.676036, -0.0112349, 0.922174, -0.0140609, 0.386356
-0.15366, -0.138977, 0.673395, -0.0318693, 0.919733, -0.0342424, 0.389746
-0.155013, -0.138558, 0.669528, -0.0381239, 0.918442, -0.0496707, 0.390569
-0.156652, -0.138701, 0.669249, -0.0535861, 0.916782, -0.0633676, 0.390671
-0.157661, -0.138752, 0.668878, -0.0703435, 0.915189, -0.0730723, 0.390053
-0.157683, -0.138253, 0.666567, -0.0754828, 0.913579, -0.0782021, 0.391868
-0.156651, -0.137219, 0.66234, -0.0835422, 0.911002, -0.0793038, 0.395989
-0.156123, -0.137326, 0.662332, -0.0979671, 0.910283, -0.0769401, 0.3948
-0.155197, -0.137591, 0.662235, -0.116817, 0.908215, -0.0719315, 0.395381
-0.153598, -0.137297, 0.659608, -0.125684, 0.906718, -0.0680373, 0.396784
-0.152783, -0.137331, 0.659383, -0.139115, 0.905424, -0.0640515, 0.395919
-0.151265, -0.137032, 0.654537, -0.149444, 0.902472, -0.0615206, 0.399283
-0.149987, -0.136466, 0.651042, -0.170663, 0.897107, -0.0593267, 0.403179
-0.149751, -0.136321, 0.650271, -0.188323, 0.893188, -0.0615325, 0.403686
-0.148567, -0.134204, 0.646831, -0.205999, 0.88724, -0.0664599, 0.407372
-0.148406, -0.133346, 0.64513, -0.226064, 0.881789, -0.0740017, 0.407268
-0.147663, -0.132399, 0.644045, -0.240231, 0.876538, -0.0759669, 0.410122
-0.146655, -0.131537, 0.642043, -0.255791, 0.870437, -0.0735877, 0.41412
-0.1455, -0.130993, 0.640516, -0.263466, 0.868326, -0.0691976, 0.414495
-0.145813, -0.131603, 0.642499, -0.260104, 0.870492, -0.0682009, 0.412236
-0.146357, -0.131897, 0.643322, -0.255352, 0.871558, -0.0689788, 0.412823
