-0.130852, -0.134688, 0.653556, -0.219043, 0.898728, 0.0638678, 0.374472
-0.130782, -0.134648, 0.653228, -0.219834, 0.898306, 0.0647342, 0.374872
-0.130728, -0.134646, 0.652704, -0.219356, 0.898544, 0.0638875, 0.374727
-0.131116, -0.135173, 0.653226, -0.220241, 0.898345, 0.0638887, 0.374684
-0.131462, -0.135622, 0.65349, -0.223758, 0.897851, 0.0643946, 0.373698
-0.13152, -0.135658, 0.652553, -0.224785, 0.896943, 0.0646183, 0.375219
-0.130532, -0.134838, 0.651818, -0.219308, 0.897532, 0.064189, 0.37712
-0.130634, -0.135085, 0.652732, -0.218482, 0.898021, 0.0647969, 0.376332
-0.130678, -0.135268, 0.653705, -0.219958, 0.898023, 0.0659216, 0.375269
-0.130605, -0.135325, 0.653918, -0.220441, 0.898268, 0.0664072, 0.374314
-0.130209, -0.135124, 0.653109, -0.224798, 0.897036, 0.0670916, 0.374555
-0.129592, -0.134799, 0.652089, -0.228265, 0.895665, 0.0696018, 0.37528
-0.12864, -0.134014, 0.64991, -0.240152, 0.892983, 0.0712336, 0.373944
-0.128017, -0.133628, 0.649686, -0.245418, 0.891706, 0.0742983, 0.372975
-0.127342, -0.133349, 0.649528, -0.249784, 0.890023, 0.0775323, 0.373438
-0.126706, -0.132932, 0.649427, -0.257785, 0.888395, 0.0810281, 0.371128
-0.125932, -0.132515, 0.648392, -0.263206, 0.886289, 0.0837825, 0.371746
-0.125423, -0.132244, 0.648363, -0.268777, 0.884931, 0.0870463, 0.370243
-0.124801, -0.131889, 0.647901, -0.275427, 0.883212, 0.0892009, 0.368945
-0.124279, -0.131542, 0.647967, -0.284912, 0.880683, 0.0918112, 0.367142
-0.123531, -0.131013, 0.647134, -0.292544, 0.878153, 0.0947081, 0.366464
-0.123363, -0.130963, 0.648982, -0.293808, 0.878157, 0.0990065, 0.3643
-0.122445, -0.130075, 0.646533, -0.299902, 0.875192, 0.102148, 0.3656
-0.121722, -0.129428, 0.645266, -0.306709, 0.872821, 0.104133, 0.365059
-0.121281, -0.128979, 0.645012, -0.310992, 0.871406, 0.105697, 0.364368
-0.120942, -0.128711, 0.645291, -0.314837, 0.87007, 0.108227, 0.363516
-0.120154, -0.127842, 0.642772, -0.319459, 0.868064, 0.109882, 0.363782
-0.11976, -0.127372, 0.642243, -0.323059, 0.866234, 0.1121, 0.364286
-0.119512, -0.127124, 0.64201, -0.325483, 0.865082, 0.112201, 0.364836
-0.119589, -0.127129, 0.64243, -0.325566, 0.865169, 0.11223, 0.364546
-0.119509, -0.126982, 0.64146, -0.326015, 0.865219, 0.111996, 0.364098
-0.119695, -0.127128, 0.641836, -0.323496, 0.866225, 0.111955, 0.363965
-0.119776, -0.127107, 0.641295, -0.322197, 0.866132, 0.111778, 0.365389
-0.120012, -0.12729, 0.641941, -0.321029, 0.867041, 0.110845, 0.364546
-0.120075, -0.127392, 0.641619, -0.318295, 0.867776, 0.109203, 0.365689
-0.120463, -0.127603, 0.641937, -0.31589, 0.868438, 0.108155, 0.366513
-0.120833, -0.127988, 0.642312, -0.31123, 0.870294, 0.105781, 0.36679
-0.121455, -0.128614, 0.643325, -0.305716, 0.872296, 0.103604, 0.367292
-0.12264, -0.129711, 0.646265, -0.297842, 0.876052, 0.100895, 0.365572
-0.123576, -0.13044, 0.647315, -0.290548, 0.87847, 0.097099, 0.366667
-0.124347, -0.13101, 0.647147, -0.282137, 0.881342, 0.0917692, 0.367714
-0.125298, -0.131771, 0.64786, -0.275331, 0.88348, 0.08785, 0.368698
-0.126313, -0.13241, 0.648258, -0.26307, 0.886327, 0.0836412, 0.371784
-0.127726, -0.133274, 0.650676, -0.250527, 0.890448, 0.0782473, 0.371775
-0.128299, -0.133469, 0.64947, -0.241949, 0.892064, 0.0736261, 0.374514
-0.129278, -0.134012, 0.650581, -0.233138, 0.89471, 0.0688685, 0.374698
-0.130463, -0.134879, 0.653162, -0.21901, 0.898576, 0.0654533, 0.374582
-0.131014, -0.135159, 0.653473, -0.212662, 0.900278, 0.0634988, 0.374488
-0.131588, -0.135499, 0.654384, -0.208434, 0.901642, 0.0602748, 0.374116
-0.131877, -0.135489, 0.654018, -0.207131, 0.901872, 0.0583379, 0.374593
-0.132478, -0.1358, 0.655488, -0.208386, 0.90226, 0.0564204, 0.373253
-0.132914, -0.135935, 0.655689, -0.203321, 0.90279, 0.0550183, 0.374973
-0.133541, -0.136302, 0.657144, -0.196639, 0.904866, 0.0532988, 0.373779
-0.134163, -0.136497, 0.65722, -0.190819, 0.905824, 0.0506572, 0.374841
-0.13491, -0.136845, 0.657922, -0.182756, 0.907151, 0.0473158, 0.376084
-0.135781, -0.137183, 0.658384, -0.173793, 0.908462, 0.0435619, 0.377617
-0.13686, -0.137541, 0.659782, -0.165896, 0.910446, 0.0393037, 0.376859
-0.137728, -0.137821, 0.660647, -0.1573, 0.911317, 0.0358504, 0.378779
-0.138363, -0.137986, 0.660968, -0.148416, 0.912607, 0.0323673, 0.379569
-0.139285, -0.138359, 0.662588, -0.141647, 0.914461, 0.0290057, 0.377962
-0.139857, -0.138487, 0.662993, -0.134417, 0.915328, 0.027185, 0.378639
-0.140114, -0.138417, 0.662461, -0.130314, 0.915093, 0.0252397, 0.380771
-0.140565, -0.138453, 0.662846, -0.130017, 0.915119, 0.0235625, 0.380917
-0.140799, -0.138359, 0.662768, -0.126082, 0.91539, 0.0229081, 0.381628
-0.141118, -0.138409, 0.662923, -0.125266, 0.915711, 0.0224554, 0.381154
-0.14157, -0.138418, 0.663285, -0.120562, 0.916167, 0.019965, 0.381712
-0.142071, -0.138562, 0.664477, -0.113607, 0.917327, 0.0181777, 0.381149
-0.142306, -0.138403, 0.664399, -0.107189, 0.918158, 0.0172932, 0.381048
-0.143325, -0.13878, 0.667767, -0.0986847, 0.918924, 0.0149319, 0.381597
-0.143382, -0.138597, 0.666484, -0.0946282, 0.918556, 0.0135318, 0.383559
-0.144111, -0.138897, 0.668271, -0.092862, 0.919943, 0.0118395, 0.380711
-0.144475, -0.139012, 0.668893, -0.0933455, 0.919519, 0.0123145, 0.381602
-0.14472, -0.138931, 0.667281, -0.0890442, 0.92042, 0.00976251, 0.380529
-0.145194, -0.139101, 0.666659, -0.0841297, 0.92094, 0.00557998, 0.380474
-0.1463, -0.14017, 0.669484, -0.079106, 0.920021, 0.00413827, 0.383779
-0.146538, -0.140382, 0.667978, -0.071755, 0.921927, 0.00247619, 0.380651
-0.145546, -0.139136, 0.668196, -0.0802292, 0.921589, 0.00535784, 0.379748
-0.145269, -0.138998, 0.667177, -0.0819399, 0.921584, 0.00534393, 0.379394
-0.145149, -0.139211, 0.667923, -0.0889227, 0.920879, 0.00915627, 0.379461
-0.144473, -0.13911, 0.666714, -0.0914901, 0.919716, 0.00945683, 0.381657
-0.143562, -0.138912, 0.665366, -0.0996925, 0.918044, 0.0113797, 0.38357
-0.143089, -0.139069, 0.665749, -0.105323, 0.917475, 0.014266, 0.383332
-0.142284, -0.138917, 0.66434, -0.112228, 0.917717, 0.0168234, 0.380681
-0.141662, -0.138878, 0.664045, -0.118629, 0.916769, 0.0195785, 0.380892
-0.141172, -0.139005, 0.664376, -0.122427, 0.91658, 0.0225806, 0.379978
-0.140582, -0.138987, 0.664156, -0.124742, 0.916378, 0.0248539, 0.37957
-0.139867, -0.138792, 0.663234, -0.131846, 0.915742, 0.0269951, 0.378556
-0.139403, -0.138764, 0.663271, -0.137593, 0.915237, 0.0290582, 0.377578
-0.138693, -0.13851, 0.66228, -0.146832, 0.913415, 0.0330276, 0.378184
-0.137958, -0.138286, 0.661338, -0.151591, 0.912455, 0.0354962, 0.3784
-0.137289, -0.138137, 0.661102, -0.159473, 0.911848, 0.0387252, 0.376301
-0.136525, -0.137932, 0.660617, -0.16631, 0.910756, 0.0419767, 0.375637
-0.135807, -0.137649, 0.659653, -0.172607, 0.909493, 0.0450047, 0.375506
-0.135017, -0.137363, 0.658657, -0.179028, 0.908091, 0.0478176, 0.375544
-0.134696, -0.13732, 0.659299, -0.183964, 0.907989, 0.050627, 0.373029
-0.134396, -0.137175, 0.659111, -0.189107, 0.907151, 0.0516701, 0.372352
-0.133943, -0.136926, 0.658084, -0.190852, 0.905979, 0.0528315, 0.374148
-0.133729, -0.136845, 0.657908, -0.18996, 0.90642, 0.0540753, 0.373356
-0.133848, -0.136922, 0.65835, -0.190398, 0.906224, 0.0536362, 0.373672
-0.133727, -0.136911, 0.658045, -0.190129, 0.906325, 0.0537035, 0.373553
-0.133693, -0.136875, 0.658232, -0.193535, 0.905752, 0.0542085, 0.37312
-0.133547, -0.136757, 0.658177, -0.194653, 0.905709, 0.0535939, 0.372732
-0.133447, -0.136811, 0.658222, -0.193591, 0.905582, 0.0546871, 0.373434
-0.133256, -0.136751, 0.658207, -0.198057, 0.905014, 0.0554907, 0.372349
-0.133038, -0.136632, 0.657941, -0.201989, 0.904325, 0.0560136, 0.371831
-0.132673, -0.136366, 0.656862, -0.204882, 0.903154, 0.0573115, 0.372896
-0.132622, -0.136358, 0.657101, -0.206106, 0.903101, 0.0579487, 0.372251
-0.132516, -0.136346, 0.657047, -0.206681, 0.903132, 0.058655, 0.371745
-0.132312, -0.136256, 0.656874, -0.208737, 0.902701, 0.0580784, 0.371735
-0.13204, -0.136123, 0.656503, -0.21184, 0.902034, 0.0590477, 0.371444
-0.131401, -0.135817, 0.654932, -0.208745, 0.901509, 0.0611749, 0.374117
-0.130786, -0.135434, 0.653965, -0.214988, 0.899656, 0.0627226, 0.374786
-0.130248, -0.135072, 0.653412, -0.220788, 0.898606, 0.0653774, 0.373477
-0.129589, -0.134572, 0.652056, -0.227788, 0.896803, 0.0677424, 0.373186
-0.129257, -0.134423, 0.65172, -0.230874, 0.896103, 0.068907, 0.372759
-0.128871, -0.134146, 0.650712, -0.233087, 0.895225, 0.069696, 0.373344
-0.128709, -0.134039, 0.650578, -0.234981, 0.894833, 0.0695715, 0.373118
-0.1288, -0.134217, 0.652004, -0.235178, 0.895494, 0.0708957, 0.371154
-0.128409, -0.133898, 0.651125, -0.239728, 0.89398, 0.0720414, 0.371674
-0.128294, -0.133931, 0.651624, -0.239095, 0.894371, 0.0732099, 0.370911
-0.127889, -0.133639, 0.650552, -0.24195, 0.893018, 0.0742989, 0.3721
-0.127836, -0.133697, 0.651312, -0.243979, 0.892925, 0.0755816, 0.370738
-0.127572, -0.13355, 0.651473, -0.248324, 0.891941, 0.0770426, 0.369921
-0.12737, -0.133435, 0.651747, -0.251902, 0.891565, 0.0781947, 0.36816
-0.12709, -0.133384, 0.651738, -0.251802, 0.891321, 0.0798119, 0.368474
-0.126642, -0.133001, 0.650495, -0.257975, 0.889403, 0.0810391, 0.368571
-0.126184, -0.132698, 0.649666, -0.260838, 0.888347, 0.0827291, 0.368727
-0.126045, -0.132766, 0.650573, -0.261556, 0.888126, 0.0842609, 0.368404
-0.125878, -0.132709, 0.651232, -0.265469, 0.887463, 0.0855796, 0.366895
-0.125468, -0.132428, 0.650745, -0.270301, 0.886238, 0.0874098, 0.365896
-0.124966, -0.132018, 0.649629, -0.274368, 0.884806, 0.0890533, 0.365938
-0.124932, -0.13205, 0.650871, -0.277418, 0.884553, 0.0911023, 0.363739
-0.124533, -0.131753, 0.650222, -0.278929, 0.883653, 0.0922871, 0.36447
-0.124165, -0.131446, 0.649607, -0.28341, 0.882091, 0.0938162, 0.364406
-0.124127, -0.131596, 0.651249, -0.283415, 0.882892, 0.0957104, 0.361963
-0.123759, -0.1312, 0.650208, -0.287079, 0.881014, 0.0969161, 0.363328
-0.1232, -0.130608, 0.648036, -0.291558, 0.879143, 0.0980459, 0.363991
-0.123168, -0.130665, 0.648857, -0.29065, 0.879512, 0.0986732, 0.363656
-0.122905, -0.13042, 0.648354, -0.292725, 0.879079, 0.0998431, 0.362716
-0.122831, -0.130334, 0.648412, -0.295809, 0.878401, 0.100559, 0.361659
-0.122692, -0.130219, 0.648336, -0.296576, 0.87741, 0.101314, 0.363222
-0.122127, -0.129637, 0.646355, -0.301596, 0.875735, 0.101746, 0.36301
-0.122002, -0.12959, 0.646712, -0.300681, 0.876051, 0.102877, 0.362686
-0.121954, -0.12948, 0.646486, -0.301287, 0.875918, 0.102626, 0.362575
-0.122118, -0.129552, 0.646341, -0.29955, 0.87616, 0.102059, 0.363589
-0.122891, -0.130112, 0.648164, -0.295736, 0.878338, 0.0998385, 0.36207
-0.123608, -0.130772, 0.649189, -0.287494, 0.880287, 0.0978378, 0.364514
-0.124251, -0.131285, 0.649531, -0.281404, 0.882535, 0.0948242, 0.364626
-0.124986, -0.131801, 0.649814, -0.277135, 0.884157, 0.0903172, 0.36511
-0.125853, -0.132397, 0.650342, -0.267221, 0.887051, 0.0863421, 0.366441
-0.126626, -0.1328, 0.650019, -0.259088, 0.888905, 0.082669, 0.368629
-0.127884, -0.133402, 0.651419, -0.250031, 0.891761, 0.0774445, 0.369121
-0.128669, -0.133749, 0.650698, -0.23941, 0.893991, 0.0719437, 0.371869
-0.129929, -0.134527, 0.65211, -0.225168, 0.897522, 0.0677839, 0.373041
-0.131089, -0.135105, 0.65322, -0.213056, 0.900349, 0.0632078, 0.374145
-0.1323, -0.135726, 0.65455, -0.204871, 0.902227, 0.0581558, 0.375011
-0.133526, -0.136209, 0.656227, -0.196677, 0.904304, 0.0536947, 0.375059
-0.134587, -0.136757, 0.657632, -0.187854, 0.906434, 0.0505769, 0.374874
-0.13508, -0.136808, 0.656974, -0.181071, 0.906837, 0.046579, 0.377745
-0.135879, -0.137212, 0.658408, -0.174876, 0.908649, 0.0444345, 0.376564
-0.136261, -0.137225, 0.658134, -0.171817, 0.90889, 0.0424824, 0.377616
-0.136833, -0.137447, 0.659178, -0.167443, 0.909999, 0.0402746, 0.377151
-0.137323, -0.137697, 0.660066, -0.161668, 0.911203, 0.0393091, 0.376866
-0.137574, -0.137642, 0.659709, -0.159705, 0.91086, 0.0377462, 0.378687
-0.138152, -0.137875, 0.660503, -0.155152, 0.911616, 0.0349924, 0.379025
-0.138688, -0.138019, 0.661241, -0.150114, 0.912575, 0.0334515, 0.378884
-0.139515, -0.138354, 0.662624, -0.14304, 0.914245, 0.0300848, 0.377877
-0.139773, -0.13805, 0.661325, -0.137471, 0.914297, 0.0281823, 0.379958
-0.140611, -0.138289, 0.662349, -0.134414, 0.914687, 0.0253258, 0.380314
-0.141201, -0.138268, 0.662415, -0.130418, 0.914843, 0.0236863, 0.381436
-0.142118, -0.13849, 0.663678, -0.119519, 0.916677, 0.0189869, 0.380865
-0.142793, -0.138567, 0.664287, -0.108003, 0.917352, 0.0168309, 0.382776
-0.143564, -0.138693, 0.665165, -0.0983499, 0.918861, 0.0135581, 0.381888
-0.144198, -0.138846, 0.666418, -0.102658, 0.918409, 0.014527, 0.381805
-0.144809, -0.138948, 0.666991, -0.0907003, 0.920642, 0.0102194, 0.379588
-0.145414, -0.139063, 0.66803, -0.0857033, 0.922094, 0.00822228, 0.377268
-0.145792, -0.139155, 0.668594, -0.0809265, 0.921319, 0.00640097, 0.380237
-0.14635, -0.139385, 0.670135, -0.0794145, 0.921041, 0.0048862, 0.381252
-0.146679, -0.139499, 0.670951, -0.0771408, 0.921147, 0.0040743, 0.381473
-0.146946, -0.139358, 0.670342, -0.0632016, 0.92332, -0.000492109, 0.378796
-0.147274, -0.139457, 0.671316, -0.068729, 0.923075, 0.00158764, 0.378426
-0.147888, -0.139756, 0.673296, -0.0689354, 0.922593, 0.00247226, 0.379557
-0.148181, -0.139821, 0.673506, -0.0635052, 0.921096, -0.000410469, 0.384122
-0.148091, -0.139799, 0.673143, -0.0658167, 0.920753, -0.00102371, 0.384554
-0.14798, -0.139716, 0.672686, -0.0639971, 0.920713, -0.00100296, 0.384955
-0.147917, -0.13968, 0.672432, -0.0634667, 0.920561, -0.0010639, 0.385407
-0.147983, -0.13976, 0.672838, -0.0643971, 0.921086, -0.000411377, 0.383997
-0.148098, -0.13983, 0.673233, -0.0642547, 0.920888, -0.00114415, 0.384493
-0.14804, -0.139775, 0.672975, -0.0651804, 0.920726, -0.00132546, 0.384725
-0.14769, -0.139804, 0.672732, -0.0714302, 0.922786, 0.00223209, 0.378627
-0.146781, -0.139331, 0.669547, -0.0657319, 0.923013, -0.00037456, 0.379113
-0.145814, -0.13927, 0.668409, -0.0785797, 0.920866, 0.00464465, 0.381851
-0.144714, -0.139201, 0.667574, -0.0978405, 0.919228, 0.0118022, 0.381193
-0.143177, -0.138825, 0.66491, -0.108207, 0.917587, 0.0150045, 0.382231
-0.142252, -0.138855, 0.664346, -0.118999, 0.917143, 0.0190889, 0.379898
-0.141161, -0.138615, 0.662985, -0.128726, 0.915614, 0.023395, 0.380175
-0.140581, -0.13858, 0.662798, -0.13311, 0.915231, 0.0250295, 0.379484
-0.13992, -0.138554, 0.662394, -0.139963, 0.914722, 0.0277821, 0.378051
-0.139214, -0.138403, 0.661732, -0.144043, 0.914032, 0.0299631, 0.37802
-0.138439, -0.138064, 0.660266, -0.152196, 0.912374, 0.0329719, 0.37858
-0.137971, -0.138125, 0.660511, -0.15567, 0.912005, 0.0354715, 0.377829
-0.13744, -0.137999, 0.660163, -0.160847, 0.911457, 0.0390531, 0.376629
-0.136874, -0.137767, 0.659568, -0.16621, 0.910526, 0.0416306, 0.376275
-0.136359, -0.13768, 0.659597, -0.171409, 0.909859, 0.0440616, 0.375277
-0.135628, -0.137431, 0.658624, -0.177813, 0.908404, 0.0456388, 0.375636
-0.134712, -0.13693, 0.657004, -0.185384, 0.906611, 0.0489253, 0.375894
-0.134016, -0.136711, 0.656627, -0.19171, 0.905603, 0.0524289, 0.374677
-0.133198, -0.136294, 0.655728, -0.199939, 0.903809, 0.0548585, 0.374358
-0.132241, -0.13575, 0.65429, -0.209151, 0.901819, 0.0578747, 0.373668
-0.131223, -0.135185, 0.652036, -0.214858, 0.900022, 0.0592975, 0.374541
-0.130544, -0.134835, 0.651212, -0.217408, 0.898783, 0.0634007, 0.37537
-0.130336, -0.134832, 0.651958, -0.220746, 0.898185, 0.0653385, 0.374522
-0.129754, -0.134525, 0.650894, -0.224347, 0.897162, 0.0666629, 0.3746
-0.129299, -0.134179, 0.650077, -0.229859, 0.895726, 0.0684812, 0.374367
-0.12895, -0.133953, 0.649521, -0.232591, 0.895328, 0.068878, 0.373558
-0.128548, -0.133708, 0.648845, -0.238283, 0.893482, 0.07053, 0.374081
-0.128342, -0.133701, 0.649864, -0.240968, 0.893325, 0.0723649, 0.372382
-0.127737, -0.1334, 0.649257, -0.245197, 0.892004, 0.0751593, 0.372235
-0.127169, -0.133039, 0.649345, -0.253804, 0.890238, 0.0789058, 0.369912
-0.126398, -0.132743, 0.649174, -0.258719, 0.888524, 0.0828641, 0.369762
-0.125606, -0.132263, 0.648513, -0.267631, 0.886274, 0.086007, 0.368096
-0.125012, -0.131907, 0.648678, -0.276219, 0.884127, 0.0889948, 0.366199
-0.124723, -0.1318, 0.649853, -0.279165, 0.883712, 0.0915999, 0.36432
-0.123959, -0.131225, 0.648321, -0.28471, 0.881626, 0.0935734, 0.364583
-0.123853, -0.131243, 0.649655, -0.284909, 0.882066, 0.0964546, 0.362606
-0.123155, -0.13057, 0.647668, -0.291612, 0.878764, 0.0982555, 0.364804
-0.122921, -0.130464, 0.648701, -0.294058, 0.8787, 0.0996645, 0.362606
-0.122142, -0.129693, 0.646777, -0.300277, 0.876023, 0.101813, 0.363389
-0.121733, -0.129424, 0.647121, -0.303979, 0.874972, 0.104001, 0.362221
-0.121235, -0.128864, 0.646449, -0.30893, 0.872861, 0.106201, 0.362489
-0.120277, -0.127886, 0.644076, -0.315389, 0.870058, 0.108911, 0.362859
-0.119568, -0.127232, 0.64293, -0.324488, 0.866629, 0.110702, 0.362501
-0.119427, -0.127192, 0.644575, -0.328132, 0.86591, 0.113538, 0.360053
-0.119067, -0.126867, 0.644472, -0.333743, 0.864249, 0.11519, 0.358358
-0.118624, -0.126542, 0.644767, -0.337905, 0.862961, 0.117567, 0.356786
-0.118247, -0.126048, 0.644744, -0.344108, 0.860512, 0.120515, 0.355787
-0.117313, -0.124951, 0.642059, -0.351079, 0.857257, 0.121941, 0.356348
-0.116908, -0.124501, 0.642064, -0.35533, 0.85554, 0.123996, 0.355552
-0.116611, -0.12416, 0.641756, -0.360503, 0.854147, 0.124789, 0.353411
-0.116256, -0.123837, 0.640752, -0.362911, 0.852345, 0.126278, 0.354762
-0.116547, -0.124056, 0.642494, -0.362538, 0.853135, 0.126808, 0.353054
-0.116515, -0.124172, 0.643083, -0.361964, 0.853114, 0.126834, 0.353684
-0.116284, -0.123898, 0.641901, -0.364074, 0.851795, 0.127603, 0.354418
-0.115967, -0.12357, 0.640514, -0.366149, 0.850682, 0.127332, 0.355051
-0.116666, -0.124203, 0.643622, -0.362402, 0.85319, 0.126675, 0.353108
-0.11665, -0.124088, 0.642614, -0.361671, 0.853226, 0.127054, 0.353633
-0.11677, -0.124209, 0.642044, -0.358831, 0.854258, 0.124506, 0.354938
-0.117136, -0.124512, 0.641628, -0.353104, 0.855824, 0.123393, 0.357291
-0.117828, -0.125211, 0.642466, -0.346106, 0.858973, 0.121001, 0.357401
-0.118722, -0.126249, 0.644157, -0.339026, 0.862246, 0.117687, 0.357412
-0.119823, -0.127349, 0.6459, -0.327042, 0.866917, 0.112711, 0.35888
-0.120476, -0.127809, 0.644839, -0.318034, 0.869507, 0.108931, 0.361865
-0.121715, -0.128916, 0.64647, -0.305295, 0.874219, 0.103667, 0.363029
-0.123014, -0.130188, 0.648278, -0.29315, 0.87866, 0.0989186, 0.36364
-0.124419, -0.13138, 0.649909, -0.281703, 0.882354, 0.0929216, 0.365323
-0.125726, -0.132414, 0.651373, -0.268723, 0.886479, 0.0868882, 0.366597
-0.126757, -0.132954, 0.650987, -0.256872, 0.889263, 0.0823574, 0.369386
-0.128098, -0.133587, 0.652169, -0.248268, 0.892319, 0.0757707, 0.369309
-0.12892, -0.133916, 0.651029, -0.234464, 0.894522, 0.0708372, 0.37395
-0.130432, -0.134894, 0.653499, -0.219399, 0.898484, 0.0651927, 0.37462
-0.131476, -0.135401, 0.654069, -0.209247, 0.901051, 0.0612943, 0.374922
-0.132825, -0.136033, 0.656067, -0.20436, 0.902704, 0.0563776, 0.374412
-0.133831, -0.136507, 0.657253, -0.193399, 0.905105, 0.0532972, 0.374887
-0.134714, -0.136899, 0.658239, -0.186161, 0.906849, 0.0501458, 0.374772
-0.135376, -0.137246, 0.658984, -0.178765, 0.907967, 0.0470854, 0.376062
-0.13579, -0.13726, 0.658597, -0.174576, 0.908739, 0.0443531, 0.376497
-0.136437, -0.137542, 0.659522, -0.169736, 0.9098, 0.0426614, 0.376343
-0.136931, -0.137548, 0.659727, -0.166392, 0.910155, 0.0404372, 0.377221
-0.137584, -0.137779, 0.660502, -0.160063, 0.911137, 0.038533, 0.377788
-0.138297, -0.138088, 0.661553, -0.152569, 0.912105, 0.0347055, 0.378923
-0.139017, -0.138346, 0.662424, -0.147035, 0.913338, 0.0321834, 0.378364
-0.139599, -0.138379, 0.66261, -0.14114, 0.914334, 0.0288051, 0.378475
-0.140011, -0.138241, 0.662051, -0.136963, 0.914633, 0.0271511, 0.379409
-0.14087, -0.138407, 0.663063, -0.130674, 0.915391, 0.0240649, 0.380005
-0.141406, -0.13841, 0.663169, -0.12877, 0.915335, 0.0232986, 0.380839
-0.142072, -0.138481, 0.663675, -0.118664, 0.916945, 0.0196327, 0.380454
-0.142779, -0.138586, 0.664175, -0.108577, 0.917094, 0.016916, 0.383227
-0.143645, -0.138675, 0.6652, -0.0993185, 0.918747, 0.0143361, 0.381883
-0.144654, -0.138984, 0.667241, -0.0954965, 0.919381, 0.0123282, 0.381401
-0.145525, -0.139088, 0.668208, -0.0831625, 0.922307, 0.00662698, 0.377345
-0.146185, -0.139187, 0.669108, -0.0763288, 0.920755, 0.00472186, 0.382572
-0.146728, -0.139143, 0.669438, -0.0606506, 0.923438, 0.000231969, 0.378925
-0.14721, -0.13941, 0.671183, -0.0639631, 0.923893, 0.00143618, 0.377265
-0.147553, -0.139562, 0.67235, -0.0656949, 0.923726, 0.00211709, 0.377373
-0.147631, -0.139423, 0.671392, -0.0580247, 0.921162, -0.00104374, 0.384829
-0.147808, -0.139518, 0.672139, -0.0584897, 0.921315, -0.00175308, 0.384388
-0.147827, -0.139281, 0.672308, -0.0600586, 0.921503, -0.00244732, 0.383691
-0.147403, -0.138646, 0.670423, -0.0578281, 0.920515, -0.00274165, 0.386395
-0.147347, -0.138753, 0.670512, -0.0619584, 0.920831, -0.00162296, 0.385004
-0.147649, -0.139059, 0.671935, -0.0636604, 0.921562, -0.00182653, 0.382973
-0.147668, -0.139459, 0.673016, -0.0674524, 0.924025, 0.00134705, 0.376332
-0.14685, -0.139182, 0.670086, -0.0593855, 0.923755, -0.000667377, 0.378352
-0.146016, -0.13929, 0.667829, -0.0786524, 0.920475, 0.0048873, 0.382774
-0.145107, -0.139559, 0.666613, -0.0901375, 0.92093, 0.00841623, 0.379068
-0.144201, -0.13981, 0.665783, -0.0974195, 0.919372, 0.0151318, 0.380835
-0.142458, -0.138789, 0.664225, -0.112943, 0.918025, 0.0173242, 0.379703
-0.141681, -0.138765, 0.663751, -0.122236, 0.917138, 0.0211262, 0.378774
-0.141027, -0.138648, 0.663106, -0.126732, 0.91623, 0.0233106, 0.379366
-0.140366, -0.138447, 0.662183, -0.131126, 0.915619, 0.0251728, 0.379229
-0.140074, -0.138593, 0.662676, -0.137211, 0.915617, 0.0280981, 0.376868
-0.139421, -0.138352, 0.661637, -0.137252, 0.915139, 0.0285009, 0.377982
-0.139107, -0.138296, 0.661408, -0.142519, 0.914535, 0.0299189, 0.377386
-0.138763, -0.138236, 0.660996, -0.147449, 0.913345, 0.0320546, 0.378195
-0.138103, -0.13807, 0.660252, -0.14976, 0.912622, 0.0339458, 0.378869
-0.137476, -0.137964, 0.660204, -0.155873, 0.912224, 0.0385945, 0.37691
-0.136782, -0.137822, 0.659786, -0.16289, 0.911187, 0.0417833, 0.376111
-0.136064, -0.137616, 0.659414, -0.171089, 0.909995, 0.0453587, 0.374941
-0.134896, -0.137115, 0.657602, -0.180816, 0.907912, 0.0492993, 0.374927
-0.134354, -0.137029, 0.658018, -0.186478, 0.907219, 0.0520667, 0.373454
-0.133365, -0.136465, 0.656191, -0.194791, 0.90484, 0.0551212, 0.374542
-0.132465, -0.13599, 0.654965, -0.203597, 0.902958, 0.057781, 0.373999
-0.131555, -0.135417, 0.652956, -0.212024, 0.90095, 0.0598691, 0.373833
-0.130877, -0.135178, 0.652213, -0.216087, 0.89991, 0.0622509, 0.373622
-0.130644, -0.135101, 0.652922, -0.216444, 0.899393, 0.0649463, 0.3742
-0.130146, -0.134736, 0.651811, -0.221789, 0.897844, 0.0657995, 0.374641
-0.129546, -0.13428, 0.649938, -0.226343, 0.89648, 0.0664041, 0.375078
-0.129566, -0.134441, 0.650689, -0.226768, 0.896423, 0.067882, 0.374692
-0.129157, -0.13407, 0.649553, -0.23059, 0.895699, 0.0682744, 0.374019
-0.128633, -0.133748, 0.648937, -0.235868, 0.894083, 0.0703192, 0.374215
-0.128234, -0.133529, 0.648925, -0.240557, 0.893579, 0.0726673, 0.371979
-0.127913, -0.133461, 0.649468, -0.244411, 0.892229, 0.0749734, 0.372249
-0.127348, -0.133179, 0.649393, -0.250971, 0.890494, 0.0778499, 0.371448
-0.126889, -0.132984, 0.649937, -0.25663, 0.889965, 0.0807828, 0.368208
-0.126021, -0.132494, 0.648828, -0.263306, 0.887507, 0.0842818, 0.368644
-0.125494, -0.132229, 0.649084, -0.271253, 0.885646, 0.0868688, 0.366752
-0.12477, -0.131689, 0.648076, -0.277282, 0.883287, 0.0905773, 0.367034
-0.12465, -0.131724, 0.649663, -0.279765, 0.883535, 0.0929128, 0.363957
-0.12391, -0.131076, 0.6476, -0.287063, 0.880557, 0.0937551, 0.365273
-0.123562, -0.130857, 0.647526, -0.286218, 0.880395, 0.0960432, 0.365731
-0.123243, -0.130582, 0.647359, -0.291082, 0.878861, 0.0973197, 0.365245
-0.122675, -0.130112, 0.646216, -0.294563, 0.87756, 0.0996218, 0.364962
-0.122144, -0.12958, 0.644959, -0.299974, 0.87558, 0.100588, 0.365045
-0.122079, -0.129625, 0.646274, -0.300989, 0.87541, 0.102306, 0.364137
-0.121511, -0.129072, 0.645341, -0.306901, 0.873444, 0.103476, 0.363594
-0.120889, -0.128293, 0.64372, -0.31383, 0.8707, 0.106094, 0.363505
-0.120311, -0.127855, 0.642883, -0.316266, 0.86951, 0.108513, 0.363529
-0.119891, -0.127476, 0.643197, -0.320516, 0.868234, 0.110639, 0.362214
-0.119392, -0.12695, 0.642549, -0.328615, 0.865566, 0.113269, 0.360525
-0.119199, -0.126879, 0.643875, -0.332644, 0.864702, 0.114572, 0.358485
-0.119009, -0.126753, 0.645001, -0.337138, 0.863498, 0.116686, 0.356502
-0.118662, -0.126434, 0.645515, -0.340436, 0.862071, 0.119487, 0.355893
-0.118135, -0.125827, 0.644477, -0.344885, 0.859812, 0.122383, 0.35609
-0.117431, -0.124956, 0.642418, -0.350746, 0.857069, 0.123164, 0.356707
-0.117017, -0.124559, 0.642106, -0.355071, 0.855244, 0.124451, 0.356364
-0.116826, -0.124291, 0.64225, -0.359833, 0.854098, 0.124708, 0.354238
-0.116681, -0.124217, 0.642668, -0.361004, 0.853451, 0.127769, 0.353515
-0.116614, -0.124063, 0.642548, -0.363306, 0.852827, 0.126352, 0.353173
-0.116597, -0.124077, 0.642475, -0.362408, 0.85303, 0.126752, 0.353461
-0.116613, -0.124101, 0.642604, -0.362187, 0.853036, 0.12688, 0.353628
-0.116558, -0.124002, 0.642136, -0.362418, 0.852917, 0.127134, 0.353586
-0.116748, -0.124156, 0.642987, -0.361389, 0.853512, 0.127034, 0.353239
-0.116872, -0.124174, 0.64291, -0.360952, 0.853543, 0.126599, 0.353765
-0.11711, -0.124402, 0.642233, -0.356474, 0.855131, 0.124231, 0.355308
-0.117706, -0.125073, 0.64303, -0.349663, 0.857874, 0.121746, 0.356322
-0.118771, -0.126197, 0.645536, -0.341364, 0.86154, 0.119149, 0.356403
-0.119166, -0.126631, 0.64382, -0.335112, 0.863664, 0.114715, 0.358643
-0.120101, -0.127442, 0.64459, -0.32349, 0.867493, 0.111321, 0.361134
-0.120987, -0.128251, 0.645068, -0.310904, 0.871439, 0.106595, 0.364103
-0.12209, -0.129238, 0.645949, -0.301734, 0.874837, 0.102325, 0.364892
-0.1237, -0.13077, 0.649252, -0.287744, 0.880547, 0.0972704, 0.36384
-0.125089, -0.131874, 0.650609, -0.27652, 0.883969, 0.0913558, 0.365772
-0.1263, -0.132579, 0.650414, -0.263685, 0.887435, 0.0851639, 0.368342
-0.127645, -0.133273, 0.650835, -0.25108, 0.890659, 0.0788788, 0.370762
-0.128761, -0.133742, 0.650187, -0.237682, 0.893576, 0.0717183, 0.374012
-0.130392, -0.134735, 0.652315, -0.219552, 0.898184, 0.0658456, 0.375134
-0.131844, -0.135449, 0.653777, -0.210467, 0.900987, 0.0594348, 0.374692
-0.133335, -0.13611, 0.656022, -0.200846, 0.903472, 0.0547541, 0.374702
-0.134286, -0.13645, 0.656278, -0.189772, 0.905523, 0.0511946, 0.376023
-0.135122, -0.13673, 0.656609, -0.181198, 0.906827, 0.0466634, 0.377697
-0.136117, -0.13724, 0.658449, -0.172714, 0.908942, 0.0437677, 0.376933
-0.136825, -0.137487, 0.659237, -0.168478, 0.910046, 0.040695, 0.376531
-0.137458, -0.137623, 0.659571, -0.160526, 0.910802, 0.0381424, 0.378438
-0.138123, -0.137844, 0.6604, -0.152336, 0.911852, 0.0351388, 0.379584
-0.138666, -0.137891, 0.660295, -0.150501, 0.912376, 0.03261, 0.379284
-0.139666, -0.138251, 0.661968, -0.139503, 0.91454, 0.0285572, 0.378602
-0.140441, -0.138217, 0.661965, -0.131973, 0.914739, 0.0259955, 0.380999
-0.141305, -0.138216, 0.662274, -0.125178, 0.91539, 0.0227297, 0.381935
-0.14262, -0.138535, 0.663986, -0.110073, 0.91721, 0.017529, 0.382494
-0.143897, -0.138743, 0.665649, -0.100307, 0.918388, 0.0143281, 0.382487
-0.145347, -0.139004, 0.667626, -0.085601, 0.921827, 0.0080448, 0.377945
-0.146795, -0.139445, 0.6705, -0.0711553, 0.921297, 0.00208629, 0.382288
-0.147782, -0.139523, 0.671949, -0.0606878, 0.920847, -0.000991648, 0.385171
-0.148687, -0.139443, 0.67285, -0.0593297, 0.925716, -0.00155527, 0.373533
-0.149483, -0.139164, 0.672205, -0.0537736, 0.923396, -0.00514147, 0.380029
-0.150516, -0.139402, 0.67461, -0.049873, 0.922289, -0.0085452, 0.383176
-0.150692, -0.139064, 0.673527, -0.032403, 0.922884, -0.0139627, 0.383458
-0.151415, -0.139054, 0.674692, -0.0296638, 0.92493, -0.0145389, 0.3787
-0.152271, -0.139162, 0.676135, -0.0327915, 0.923175, -0.0159889, 0.382644
-0.152368, -0.138817, 0.675322, -0.0244021, 0.923161, -0.0204302, 0.383093
-0.152842, -0.138745, 0.675802, -0.0173406, 0.923788, -0.0237804, 0.381772
-0.153615, -0.138776, 0.677477, -0.0124679, 0.924465, -0.0259992, 0.380175
-0.153972, -0.138498, 0.676867, -0.00539597, 0.924123, -0.0262029, 0.381158
-0.154159, -0.138034, 0.675446, 0.00546498, 0.923362, -0.0270253, 0.382938
-0.155027, -0.138096, 0.676989, 0.00995511, 0.923239, -0.0289632, 0.383004
-0.156022, -0.138319, 0.679198, 0.0152834, 0.923747, -0.0309809, 0.381443
-0.156596, -0.138142, 0.680016, 0.0179558, 0.923542, -0.0329685, 0.381655
-0.157216, -0.138103, 0.681112, 0.0193402, 0.923828, -0.035626, 0.380655
-0.157558, -0.138045, 0.68166, 0.0227267, 0.923872, -0.0376342, 0.380168
-0.157492, -0.137806, 0.680932, 0.0246317, 0.923282, -0.039682, 0.381272
-0.157439, -0.138045, 0.681036, 0.0231615, 0.92359, -0.0375545, 0.380834
-0.157371, -0.138333, 0.681736, 0.0218693, 0.924019, -0.0352459, 0.380091
-0.156384, -0.13821, 0.679228, 0.0208654, 0.923543, -0.0327415, 0.381525
-0.15578, -0.138423, 0.678859, 0.0140156, 0.923791, -0.0306294, 0.381413
-0.154258, -0.138207, 0.67562, 0.00562378, 0.923166, -0.0279804, 0.383341
-0.153676, -0.138826, 0.676925, -0.00930153, 0.924169, -0.0273497, 0.380891
-0.152528, -0.138969, 0.675367, -0.0197836, 0.923345, -0.022089, 0.382824
-0.151853, -0.139523, 0.676036, -0.0294213, 0.925655, -0.015469, 0.376905
-0.150656, -0.139617, 0.674736, -0.04472, 0.922451, -0.0109706, 0.383359
-0.149702, -0.139769, 0.673515, -0.0509916, 0.925069, -0.0036461, 0.376344
-0.147981, -0.1398, 0.672475, -0.0632832, 0.921365, -0.00219476, 0.383506
-0.146124, -0.139322, 0.668681, -0.0769946, 0.919769, 0.00325507, 0.384819
-0.144615, -0.13907, 0.666498, -0.0954355, 0.919482, 0.00978659, 0.381246
-0.143154, -0.139035, 0.665227, -0.111049, 0.917269, 0.0148981, 0.382182
-0.141557, -0.138804, 0.663686, -0.125122, 0.916035, 0.0214963, 0.380476
-0.140069, -0.138673, 0.662382, -0.134409, 0.914973, 0.0268449, 0.379523
-0.138535, -0.138448, 0.661585, -0.147011, 0.913004, 0.0337398, 0.379043
-0.136796, -0.137939, 0.660066, -0.166726, 0.910288, 0.0416495, 0.37662
-0.134899, -0.137246, 0.658055, -0.180488, 0.907478, 0.0485191, 0.376236
-0.133621, -0.136879, 0.658252, -0.198039, 0.904717, 0.0549452, 0.373161
-0.131234, -0.135517, 0.653407, -0.211111, 0.900222, 0.0613417, 0.37586
-0.129951, -0.134859, 0.652501, -0.226002, 0.896944, 0.0669354, 0.374078
-0.128303, -0.133811, 0.650259, -0.24027, 0.893459, 0.0723558, 0.372514
-0.127305, -0.133224, 0.65023, -0.252448, 0.890464, 0.0779376, 0.3705
-0.126061, -0.132568, 0.649191, -0.262932, 0.887419, 0.0837702, 0.369239
-0.125102, -0.132066, 0.648929, -0.274745, 0.884488, 0.0874362, 0.366813
-0.124688, -0.131828, 0.650448, -0.279618, 0.88342, 0.0929084, 0.36435
-0.124121, -0.131452, 0.650507, -0.284807, 0.881616, 0.0960075, 0.363896
-0.123121, -0.130522, 0.647634, -0.292257, 0.878348, 0.0984058, 0.36525
-0.12265, -0.130203, 0.648188, -0.29739, 0.877112, 0.10093, 0.363384
-0.121918, -0.129572, 0.64682, -0.302049, 0.875159, 0.102936, 0.363686
-0.121541, -0.129292, 0.647111, -0.308056, 0.873786, 0.104514, 0.361492
-0.120545, -0.128198, 0.644093, -0.313976, 0.870545, 0.107181, 0.363431
-0.120064, -0.127704, 0.644237, -0.320351, 0.86839, 0.110163, 0.362129
-0.119576, -0.127245, 0.644561, -0.327736, 0.865925, 0.113159, 0.360496
-0.119149, -0.126933, 0.646089, -0.335879, 0.863733, 0.116953, 0.357033
-0.118637, -0.126376, 0.646018, -0.342804, 0.86134, 0.11952, 0.355379
-0.118071, -0.12587, 0.645327, -0.346253, 0.859162, 0.122242, 0.356379
-0.117239, -0.124917, 0.642794, -0.352429, 0.856422, 0.12404, 0.356299
-0.116687, -0.124301, 0.64132, -0.357851, 0.854145, 0.124987, 0.356029
-0.116626, -0.124149, 0.642082, -0.360835, 0.853072, 0.126586, 0.355023
-0.116833, -0.124368, 0.643753, -0.361405, 0.853572, 0.126694, 0.3532
-0.116746, -0.124256, 0.643146, -0.360178, 0.853712, 0.127363, 0.353873
-0.116566, -0.12404, 0.642014, -0.362765, 0.852699, 0.126609, 0.353944
-0.11669, -0.12418, 0.642765, -0.362267, 0.853042, 0.127034, 0.353474
-0.116738, -0.124194, 0.642964, -0.361372, 0.853267, 0.126981, 0.353866
-0.116985, -0.124354, 0.643152, -0.358872, 0.85422, 0.125262, 0.354723
-0.117207, -0.124596, 0.642764, -0.355362, 0.855367, 0.123836, 0.355991
-0.117778, -0.125039, 0.642601, -0.348504, 0.857624, 0.121103, 0.358273
-0.118757, -0.126242, 0.644198, -0.339672, 0.861925, 0.117949, 0.357486
-0.119758, -0.127221, 0.64489, -0.327753, 0.865864, 0.112959, 0.360691
-0.1208, -0.128015, 0.644416, -0.313073, 0.870536, 0.107589, 0.36411
-0.122591, -0.129754, 0.647118, -0.297874, 0.876452, 0.101265, 0.364484
-0.124232, -0.131065, 0.647676, -0.283085, 0.881477, 0.0921353, 0.366569
-0.126611, -0.132753, 0.650379, -0.261988, 0.887864, 0.0837671, 0.36884
-0.128544, -0.133642, 0.650199, -0.240624, 0.892524, 0.0731663, 0.374363
-0.131196, -0.135153, 0.653357, -0.213095, 0.899393, 0.0632928, 0.376401
-0.133724, -0.136194, 0.65573, -0.196359, 0.903435, 0.0532503, 0.377375
-0.136111, -0.137197, 0.658035, -0.173396, 0.908396, 0.0435634, 0.377958
-0.138341, -0.137821, 0.659911, -0.151131, 0.911354, 0.0336598, 0.381392
-0.140448, -0.138325, 0.662135, -0.134938, 0.914471, 0.02553, 0.380635
-0.142114, -0.138537, 0.663705, -0.118878, 0.916597, 0.0189365, 0.38126
-0.143635, -0.138725, 0.665033, -0.0997867, 0.918439, 0.0138931, 0.382516
-0.145326, -0.138979, 0.667192, -0.0821577, 0.921606, 0.007226, 0.379263
-0.146939, -0.13936, 0.670206, -0.0651741, 0.923293, -8.00513e-05, 0.378527
-0.148006, -0.139506, 0.672163, -0.0576159, 0.922365, -0.00167935, 0.381994
-0.149408, -0.139471, 0.673135, -0.0554159, 0.923966, -0.00441212, 0.378412
-0.150063, -0.139341, 0.673222, -0.0507223, 0.921915, -0.00796409, 0.383974
-0.150447, -0.139354, 0.67409, -0.0471969, 0.922155, -0.00962032, 0.383809
-0.150786, -0.139132, 0.67398, -0.0332386, 0.923043, -0.0144374, 0.382985
-0.151345, -0.139009, 0.674005, -0.0287079, 0.92473, -0.015235, 0.379233
-0.152327, -0.139178, 0.676202, -0.0328741, 0.923235, -0.0168831, 0.382455
-0.152536, -0.138831, 0.675462, -0.0218091, 0.923282, -0.0223394, 0.382852
-0.152934, -0.138604, 0.675513, -0.015963, 0.923432, -0.0249997, 0.382614
-0.153532, -0.138514, 0.676229, -0.00874595, 0.923503, -0.0269144, 0.382547
-0.154038, -0.138225, 0.675869, 0.00212375, 0.923634, -0.0268506, 0.382327
-0.155134, -0.138278, 0.677839, 0.00823771, 0.923277, -0.0280624, 0.38302
-0.155944, -0.138248, 0.678788, 0.0161569, 0.923571, -0.0307434, 0.381852
-0.156703, -0.138158, 0.679954, 0.019619, 0.923414, -0.0331167, 0.38187
-0.157292, -0.137941, 0.680905, 0.0188483, 0.923235, -0.0368421, 0.382
-0.157766, -0.137705, 0.680982, 0.0261916, 0.922908, -0.0410988, 0.381924
-0.157861, -0.137467, 0.680603, 0.0321029, 0.922534, -0.0416772, 0.382314
-0.157881, -0.137622, 0.680705, 0.0293529, 0.92257, -0.0423657, 0.382373
-0.157864, -0.137873, 0.681437, 0.0278193, 0.923266, -0.0417105, 0.380876
-0.157494, -0.138095, 0.681113, 0.0275799, 0.923573, -0.0382274, 0.380513
-0.156785, -0.138187, 0.679892, 0.0226034, 0.923342, -0.0339792, 0.381803
-0.155718, -0.138317, 0.67838, 0.0150941, 0.923352, -0.0314904, 0.382362
-0.15435, -0.138429, 0.676615, 0.00394322, 0.923598, -0.0289477, 0.382248
-0.153354, -0.139195, 0.677421, -0.0155462, 0.924143, -0.0255461, 0.380875
-0.15144, -0.139342, 0.674809, -0.0265136, 0.924745, -0.0163193, 0.379312
-0.149795, -0.1396, 0.672918, -0.0450277, 0.923287, -0.00599583, 0.381415
-0.147352, -0.139683, 0.671576, -0.0683749, 0.923018, 0.000871616, 0.378631
-0.144735, -0.139164, 0.666968, -0.0946417, 0.91974, 0.00982874, 0.380822
-0.14212, -0.138962, 0.664369, -0.118367, 0.916947, 0.0188755, 0.380581
-0.139663, -0.138488, 0.661683, -0.135073, 0.914729, 0.0281449, 0.379781
-0.137467, -0.138043, 0.66013, -0.157512, 0.9111, 0.0382488, 0.378977
-0.135062, -0.137214, 0.657783, -0.179662, 0.907276, 0.0485007, 0.377119
-0.133203, -0.136688, 0.657692, -0.20004, 0.903856, 0.0566651, 0.373921
-0.130506, -0.135212, 0.65353, -0.218522, 0.898729, 0.0654488, 0.3745
-0.128118, -0.133612, 0.650081, -0.244124, 0.892221, 0.073441, 0.372761
-0.126403, -0.13278, 0.649656, -0.259591, 0.888051, 0.0824974, 0.370368
-0.124903, -0.131916, 0.649476, -0.277368, 0.883702, 0.0895549, 0.366221
-0.123508, -0.130824, 0.648526, -0.289051, 0.880159, 0.09634, 0.36399
-0.12211, -0.129586, 0.646273, -0.301186, 0.875205, 0.102263, 0.364481
-0.121018, -0.128574, 0.644754, -0.31086, 0.871428, 0.106098, 0.36431
-0.119936, -0.127475, 0.643164, -0.32107, 0.867865, 0.110624, 0.36261
-0.119361, -0.127093, 0.644058, -0.328636, 0.865466, 0.114702, 0.360293
-0.118459, -0.126264, 0.643263, -0.34032, 0.861725, 0.117873, 0.357377
-0.117903, -0.125562, 0.643739, -0.346694, 0.858593, 0.122179, 0.357342
-0.116673, -0.124302, 0.641007, -0.357177, 0.854336, 0.125435, 0.356091
-0.116581, -0.124128, 0.644338, -0.365969, 0.852311, 0.128414, 0.350916
-0.115724, -0.123215, 0.64367, -0.375493, 0.847404, 0.134583, 0.350426
-0.114642, -0.121733, 0.641459, -0.385962, 0.842712, 0.13752, 0.349225
-0.113805, -0.12062, 0.640964, -0.39177, 0.839197, 0.14198, 0.349436
-0.112707, -0.119203, 0.638328, -0.40322, 0.834065, 0.145105, 0.347409
-0.112321, -0.118694, 0.639641, -0.411444, 0.830889, 0.147626, 0.344304
-0.111664, -0.117701, 0.63836, -0.418371, 0.827358, 0.151269, 0.342874
-0.110614, -0.116471, 0.635073, -0.424859, 0.823097, 0.152304, 0.344687
-0.110562, -0.116087, 0.636257, -0.430821, 0.821216, 0.153724, 0.341125
-0.110565, -0.116036, 0.637645, -0.432595, 0.820514, 0.155453, 0.339784
-0.110636, -0.116045, 0.637661, -0.43215, 0.820703, 0.155561, 0.339845
-0.110823, -0.11628, 0.637396, -0.429329, 0.82209, 0.154133, 0.340716
-0.110988, -0.116618, 0.636346, -0.423336, 0.824237, 0.152213, 0.343877
-0.111692, -0.117448, 0.637586, -0.416382, 0.827397, 0.151381, 0.345144
-0.112841, -0.118988, 0.640867, -0.407634, 0.832365, 0.147763, 0.345208
-0.113499, -0.119848, 0.639653, -0.396524, 0.836742, 0.142469, 0.349764
-0.114986, -0.121824, 0.642407, -0.38341, 0.843487, 0.136434, 0.350588
-0.116865, -0.124167, 0.645808, -0.365593, 0.851786, 0.130064, 0.351975
-0.117757, -0.125037, 0.642146, -0.348614, 0.85733, 0.120839, 0.358958
-0.120026, -0.127446, 0.645703, -0.326373, 0.866747, 0.112515, 0.359959
-0.121641, -0.128861, 0.645298, -0.306047, 0.873346, 0.103329, 0.364589
-0.12416, -0.13109, 0.648769, -0.282799, 0.881374, 0.0951229, 0.366273
-0.126593, -0.132779, 0.650939, -0.261695, 0.887492, 0.0846499, 0.36974
-0.128538, -0.133758, 0.651064, -0.241469, 0.893121, 0.0735603, 0.372313
-0.130739, -0.134909, 0.652622, -0.21592, 0.898829, 0.0645553, 0.375922
-0.13314, -0.135966, 0.655246, -0.200123, 0.902854, 0.0551053, 0.376523
-0.135106, -0.136704, 0.65658, -0.182222, 0.906313, 0.0467369, 0.378427
-0.137167, -0.137457, 0.658758, -0.160923, 0.910185, 0.0385166, 0.379716
-0.139323, -0.138111, 0.661502, -0.141198, 0.913955, 0.0290447, 0.37935
-0.140911, -0.138183, 0.662018, -0.126628, 0.914936, 0.0240847, 0.382461
-0.142885, -0.138583, 0.664293, -0.108351, 0.917058, 0.0164118, 0.3834
-0.144948, -0.139004, 0.66729, -0.0902395, 0.920548, 0.0100288, 0.379931
-0.146966, -0.139309, 0.670285, -0.0640977, 0.923291, 0.000210174, 0.378715
-0.148762, -0.139446, 0.672932, -0.0557582, 0.925585, -0.00267053, 0.374401
-0.15046, -0.139344, 0.67429, -0.0483592, 0.922191, -0.00883241, 0.383597
-0.151815, -0.139216, 0.675889, -0.0313159, 0.925263, -0.0156886, 0.377705
-0.152577, -0.138597, 0.675092, -0.0203397, 0.923172, -0.022823, 0.383169
-0.15356, -0.138394, 0.675929, -0.00535388, 0.923502, -0.0264664, 0.382642
-0.15405, -0.138165, 0.675941, 0.00470931, 0.923836, -0.0276672, 0.381758
-0.154227, -0.138121, 0.675808, 0.00689737, 0.923666, -0.027225, 0.382168
-0.153917, -0.138369, 0.67589, -0.00184834, 0.92354, -0.0273902, 0.382519
-0.153469, -0.138719, 0.676531, -0.00918875, 0.924102, -0.026906, 0.381088
-0.152583, -0.138988, 0.675461, -0.0184575, 0.923357, -0.0224475, 0.382841
-0.151453, -0.139261, 0.674696, -0.0266889, 0.924792, -0.0154529, 0.379221
-0.150482, -0.139802, 0.67482, -0.0495422, 0.922225, -0.00749481, 0.383394
-0.148339, -0.139874, 0.673362, -0.0609322, 0.9231, -0.00206815, 0.379695
-0.145942, -0.139339, 0.668803, -0.0774922, 0.920882, 0.0041729, 0.38204
-0.143566, -0.13898, 0.665517, -0.100667, 0.91862, 0.0118339, 0.381921
-0.141301, -0.13877, 0.663413, -0.127046, 0.915642, 0.0231392, 0.380688
-0.139284, -0.138693, 0.66282, -0.143476, 0.914209, 0.0316972, 0.377666
-0.136615, -0.137827, 0.659484, -0.166353, 0.910313, 0.0419808, 0.376688
-0.134168, -0.136911, 0.657521, -0.187192, 0.9062, 0.0525191, 0.375503
-0.131216, -0.135468, 0.653403, -0.21374, 0.90005, 0.0612606, 0.374797
-0.128565, -0.133747, 0.648949, -0.236465, 0.893605, 0.0704813, 0.374949
-0.127116, -0.133114, 0.650485, -0.255125, 0.889938, 0.0797751, 0.369537
-0.125218, -0.132046, 0.648435, -0.272321, 0.884862, 0.0872561, 0.367759
-0.123822, -0.13099, 0.647131, -0.28766, 0.88049, 0.0934451, 0.365044
-0.12285, -0.130276, 0.647035, -0.293947, 0.877896, 0.0994731, 0.364691
-0.121634, -0.129296, 0.645818, -0.305965, 0.874102, 0.103627, 0.362758
-0.120152, -0.127739, 0.642189, -0.315992, 0.869344, 0.10828, 0.364233
-0.119469, -0.1271, 0.643222, -0.326882, 0.866209, 0.113532, 0.360472
-0.118515, -0.126332, 0.643678, -0.339909, 0.862341, 0.118212, 0.356167
-0.117326, -0.124884, 0.642218, -0.352175, 0.856806, 0.123308, 0.355882
-0.116051, -0.123626, 0.640825, -0.365522, 0.851158, 0.127967, 0.354329
-0.115682, -0.123125, 0.642923, -0.374985, 0.848144, 0.133475, 0.349603
-0.11452, -0.121694, 0.639799, -0.382818, 0.84398, 0.135917, 0.35025
-0.114217, -0.121206, 0.640395, -0.388017, 0.842014, 0.138793, 0.348126
-0.113845, -0.120746, 0.639709, -0.39062, 0.840162, 0.141122, 0.348752
-0.11392, -0.120739, 0.639995, -0.38948, 0.840464, 0.141464, 0.349162
-0.113873, -0.120763, 0.639915, -0.390644, 0.840324, 0.140879, 0.348435
-0.113919, -0.120778, 0.64003, -0.39096, 0.840162, 0.141102, 0.34838
-0.113832, -0.120792, 0.639836, -0.391414, 0.839944, 0.140562, 0.348613
-0.113754, -0.120566, 0.639115, -0.39009, 0.839932, 0.141093, 0.349911
-0.113976, -0.120894, 0.640409, -0.389441, 0.840738, 0.141342, 0.348594
-0.113617, -0.120547, 0.638824, -0.3921, 0.839196, 0.140904, 0.349504
-0.11312, -0.119816, 0.636822, -0.395013, 0.837405, 0.141807, 0.350154
-0.113082, -0.119655, 0.636853, -0.395028, 0.836891, 0.142736, 0.350987
-0.113145, -0.119656, 0.636646, -0.39479, 0.837276, 0.142445, 0.350454
-0.113276, -0.119863, 0.636413, -0.392776, 0.838316, 0.140372, 0.351068
-0.114547, -0.121199, 0.641514, -0.385572, 0.842523, 0.140536, 0.348911
-0.114687, -0.121651, 0.639486, -0.381964, 0.844968, 0.134265, 0.349435
-0.116182, -0.123403, 0.643016, -0.370893, 0.849748, 0.130969, 0.351017
-0.117141, -0.124377, 0.641858, -0.355734, 0.855455, 0.124634, 0.35513
-0.11879, -0.126233, 0.64387, -0.338673, 0.861885, 0.117925, 0.358536
-0.120334, -0.127569, 0.643916, -0.319773, 0.868542, 0.11015, 0.362279
-0.12235, -0.129476, 0.645862, -0.299504, 0.875799, 0.100962, 0.364802
-0.124717, -0.131303, 0.648323, -0.28116, 0.88206, 0.0912607, 0.366866
-0.127254, -0.133091, 0.65084, -0.255259, 0.889323, 0.0811108, 0.370633
-0.129236, -0.133913, 0.649814, -0.231898, 0.894601, 0.068979, 0.375705
-0.132196, -0.135415, 0.653513, -0.209482, 0.900644, 0.0577083, 0.376334
-0.134772, -0.136583, 0.656146, -0.184145, 0.90583, 0.0477997, 0.378521
-0.137452, -0.13769, 0.659678, -0.161405, 0.910224, 0.0380649, 0.379461
-0.13956, -0.138211, 0.661665, -0.140778, 0.914177, 0.0293057, 0.378951
-0.141034, -0.138188, 0.662138, -0.12944, 0.914594, 0.0239332, 0.382348
-0.142805, -0.138544, 0.664228, -0.108426, 0.917247, 0.0166776, 0.382914
-0.14436, -0.138887, 0.666759, -0.0980543, 0.918743, 0.0134729, 0.382251
-0.146012, -0.139268, 0.669319, -0.0782432, 0.921475, 0.00484503, 0.380444
-0.146906, -0.139245, 0.669976, -0.0628555, 0.92307, 0.000471249, 0.379462
-0.147986, -0.13944, 0.672138, -0.0579181, 0.922159, -0.00127432, 0.382448
-0.14901, -0.13929, 0.67223, -0.0531716, 0.923165, -0.00546272, 0.380669
-0.149881, -0.139116, 0.672276, -0.0503932, 0.92106, -0.00771372, 0.386069
-0.150545, -0.139013, 0.673491, -0.0329811, 0.922378, -0.012678, 0.384669
-0.151738, -0.139109, 0.675303, -0.0286822, 0.924971, -0.0152711, 0.378646
-0.152365, -0.13873, 0.675086, -0.0232028, 0.922824, -0.0209612, 0.38395
-0.153422, -0.138595, 0.676527, -0.0112245, 0.923622, -0.025944, 0.38226
-0.154116, -0.13807, 0.675691, 0.00494247, 0.923048, -0.0267671, 0.383721
-0.155506, -0.138179, 0.67825, 0.0122391, 0.92362, -0.029146, 0.382004
-0.156741, -0.138132, 0.680409, 0.0182461, 0.923529, -0.0331096, 0.381662
-0.157813, -0.138073, 0.682409, 0.021935, 0.923749, -0.0387203, 0.380405
-0.157891, -0.137503, 0.68096, 0.0328676, 0.922733, -0.0411636, 0.381824
-0.158357, -0.137482, 0.681848, 0.0363522, 0.922687, -0.0420394, 0.381522
-0.158524, -0.137559, 0.682579, 0.0362731, 0.923187, -0.0427288, 0.380241
-0.158436, -0.137579, 0.682208, 0.0357153, 0.923066, -0.0424021, 0.380625
-0.158398, -0.137804, 0.682575, 0.0325044, 0.923394, -0.0421229, 0.380148
-0.157845, -0.137974, 0.681655, 0.0266932, 0.92332, -0.0412028, 0.380879
